timestamp,git_sha,gpu,sm,driver,cuda,torch,provider,selected_implementation,version,M,N,K,layout,input_dtype,accum_dtype,output_dtype,algo_id,workspace_bytes,warmup,samples,launches_per_sample,median_us,p95_us,min_us,tflops,ratio_to_cublaslt,max_abs_error,mean_abs_error,max_rel_error,relative_l2_error,nan_count,inf_count,registers_per_thread,smem_per_block,achieved_occupancy,dram_pct,l2_pct,tensor_pipe_metric,status
2026-09-29T05:37:10.151215+00:00,be796bb000f3c924ba08fbacdddd08ca42edb200,NVIDIA GeForce RTX 3090,8.6,595.84,12.8,2.11.0+cu128,wmma_tiled,wmma_tiled,v3,2,2560,4096,row-major/row-major,fp16,fp32,fp16,-1,0,20,50,10,736.6655826568604,737.3824119567871,661.9135856628418,0.05693633717585679,0.05570180179010974,0.0009765625,2.6684954264055705e-06,0.004398826975375414,5.8647605328587815e-05,0,0,,,,,,,pass
2026-09-29T05:37:10.151215+00:00,be796bb000f3c924ba08fbacdddd08ca42edb200,NVIDIA GeForce RTX 3090,8.6,595.84,12.8,2.11.0+cu128,mma_ptx,mma_ptx,v4,2,2560,4096,row-major/row-major,fp16,fp32,fp16,-1,0,20,50,10,707.1743965148926,707.5839996337891,706.8575859069824,0.059310744572632045,0.058024725545736025,0.0009765625,2.6684954264055705e-06,0.004398826975375414,5.8647605328587815e-05,0,0,,,,,,,pass
2026-09-29T05:37:10.151215+00:00,be796bb000f3c924ba08fbacdddd08ca42edb200,NVIDIA GeForce RTX 3090,8.6,595.84,12.8,2.11.0+cu128,mma_vectorized,mma_vectorized,v5,2,2560,4096,row-major/row-major,fp16,fp32,fp16,-1,0,20,50,10,658.3279848098755,659.3075203895569,657.8176021575928,0.06371146444900579,0.062330025788890936,0.0009765625,2.6684954264055705e-06,0.004398826975375414,5.8647605328587815e-05,0,0,,,,,,,pass
2026-09-29T05:37:10.151215+00:00,be796bb000f3c924ba08fbacdddd08ca42edb200,NVIDIA GeForce RTX 3090,8.6,595.84,12.8,2.11.0+cu128,mma_async,mma_async,v6,2,2560,4096,row-major/row-major,fp16,fp32,fp16,-1,0,20,50,10,196.91519737243652,197.1883249282837,196.8127965927124,0.21300052286300092,0.20838208943893263,0.0009765625,2.6684954264055705e-06,0.004398826975375414,5.8647605328587815e-05,0,0,,,,,,,pass
2026-09-29T05:37:10.151215+00:00,be796bb000f3c924ba08fbacdddd08ca42edb200,NVIDIA GeForce RTX 3090,8.6,595.84,12.8,2.11.0+cu128,mma_async_compact,mma_async_compact,v6-compact,2,2560,4096,row-major/row-major,fp16,fp32,fp16,-1,0,20,50,10,79.56479787826538,80.12960135936737,79.2352020740509,0.5271557412132575,0.5157255641311349,0.0009765625,2.6684954264055705e-06,0.004398826975375414,5.8647605328587815e-05,0,0,,,,,,,pass
2026-09-29T05:37:10.151215+00:00,be796bb000f3c924ba08fbacdddd08ca42edb200,NVIDIA GeForce RTX 3090,8.6,595.84,12.8,2.11.0+cu128,cublaslt,cublaslt,v0-reference,2,2560,4096,row-major/row-major,fp16,fp32,fp16,31,0,20,50,10,41.03360027074814,41.26720130443573,40.75520038604736,1.0221632935752942,1.0,0.0009765625,1.2335600558799342e-06,0.0015748031437397003,3.5376495361560956e-05,0,0,,,,,,,pass
2026-09-29T05:37:10.151215+00:00,be796bb000f3c924ba08fbacdddd08ca42edb200,NVIDIA GeForce RTX 3090,8.6,595.84,12.8,2.11.0+cu128,wmma_tiled,wmma_tiled,v3,2,2560,9728,row-major/row-major,fp16,fp32,fp16,-1,0,20,50,10,1568.0432319641113,1568.759355545044,1566.7200088500977,0.06352804436088402,0.04329676440849344,0.001953125,8.593802704126574e-06,0.09256661683320999,7.157932122936472e-05,0,0,,,,,,,pass
2026-09-29T05:37:10.151215+00:00,be796bb000f3c924ba08fbacdddd08ca42edb200,NVIDIA GeForce RTX 3090,8.6,595.84,12.8,2.11.0+cu128,mma_ptx,mma_ptx,v4,2,2560,9728,row-major/row-major,fp16,fp32,fp16,-1,0,20,50,10,1674.5471954345703,1675.2582263946533,1673.8304138183594,0.05948755596234389,0.040543018782497775,0.001953125,8.593802704126574e-06,0.09256661683320999,7.157932122936472e-05,0,0,,,,,,,pass
2026-09-29T05:37:10.151215+00:00,be796bb000f3c924ba08fbacdddd08ca42edb200,NVIDIA GeForce RTX 3090,8.6,595.84,12.8,2.11.0+cu128,mma_vectorized,mma_vectorized,v5,2,2560,9728,row-major/row-major,fp16,fp32,fp16,-1,0,20,50,10,1558.2207679748535,1559.1218996047974,1557.6064109802246,0.06392850233248051,0.043569691658594534,0.001953125,8.593802704126574e-06,0.09256661683320999,7.157932122936472e-05,0,0,,,,,,,pass
2026-09-29T05:37:10.151215+00:00,be796bb000f3c924ba08fbacdddd08ca42edb200,NVIDIA GeForce RTX 3090,8.6,595.84,12.8,2.11.0+cu128,mma_async,mma_async,v6,2,2560,9728,row-major/row-major,fp16,fp32,fp16,-1,0,20,50,10,457.9119920730591,462.33920335769653,457.52320289611816,0.21754119071881972,0.1482625473277643,0.001953125,8.593802704126574e-06,0.09256661683320999,7.157932122936472e-05,0,0,,,,,,,pass
2026-09-29T05:37:10.151215+00:00,be796bb000f3c924ba08fbacdddd08ca42edb200,NVIDIA GeForce RTX 3090,8.6,595.84,12.8,2.11.0+cu128,mma_async_compact,mma_async_compact,v6-compact,2,2560,9728,row-major/row-major,fp16,fp32,fp16,-1,0,20,50,10,183.28480124473572,183.76192450523376,183.07520151138306,0.5434968929419679,0.37041368370762656,0.001953125,8.593802704126574e-06,0.09256661683320999,7.157932122936472e-05,0,0,,,,,,,pass
2026-09-29T05:37:10.151215+00:00,be796bb000f3c924ba08fbacdddd08ca42edb200,NVIDIA GeForce RTX 3090,8.6,595.84,12.8,2.11.0+cu128,cublaslt,cublaslt,v0-reference,2,2560,9728,row-major/row-major,fp16,fp32,fp16,6,80,20,50,10,67.89119839668274,68.45951944589615,67.37920045852661,1.467270019568064,1.0,0.001953125,0.00014751100388821214,2.814866781234741,0.0003262870304752141,0,0,,,,,,,pass
2026-09-29T05:37:10.151215+00:00,be796bb000f3c924ba08fbacdddd08ca42edb200,NVIDIA GeForce RTX 3090,8.6,595.84,12.8,2.11.0+cu128,wmma_tiled,wmma_tiled,v3,2,4096,2560,row-major/row-major,fp16,fp32,fp16,-1,0,20,50,10,402.22721099853516,404.3372845649719,401.5103816986084,0.10427698289202209,0.07586557812416275,0.0009765625,1.340471499133855e-06,0.05535055324435234,4.684394662035629e-05,0,0,,,,,,,pass
2026-09-29T05:37:10.151215+00:00,be796bb000f3c924ba08fbacdddd08ca42edb200,NVIDIA GeForce RTX 3090,8.6,595.84,12.8,2.11.0+cu128,mma_ptx,mma_ptx,v4,2,4096,2560,row-major/row-major,fp16,fp32,fp16,-1,0,20,50,10,436.22398376464844,437.22558975219727,435.71200370788574,0.09615023832029627,0.06995305401671133,0.0009765625,1.340471499133855e-06,0.05535055324435234,4.684394662035629e-05,0,0,,,,,,,pass
2026-09-29T05:37:10.151215+00:00,be796bb000f3c924ba08fbacdddd08ca42edb200,NVIDIA GeForce RTX 3090,8.6,595.84,12.8,2.11.0+cu128,mma_vectorized,mma_vectorized,v5,2,4096,2560,row-major/row-major,fp16,fp32,fp16,-1,0,20,50,10,406.6767930984497,407.28527069091797,405.8112144470215,0.10313605475355042,0.07503550833864828,0.0009765625,1.340471499133855e-06,0.05535055324435234,4.684394662035629e-05,0,0,,,,,,,pass
2026-09-29T05:37:10.151215+00:00,be796bb000f3c924ba08fbacdddd08ca42edb200,NVIDIA GeForce RTX 3090,8.6,595.84,12.8,2.11.0+cu128,mma_async,mma_async,v6,2,4096,2560,row-major/row-major,fp16,fp32,fp16,-1,0,20,50,10,123.79679679870605,123.90255868434906,123.59679937362671,0.3388055352369052,0.2464942606656557,0.0009765625,1.340471499133855e-06,0.05535055324435234,4.684394662035629e-05,0,0,,,,,,,pass
2026-09-29T05:37:10.151215+00:00,be796bb000f3c924ba08fbacdddd08ca42edb200,NVIDIA GeForce RTX 3090,8.6,595.84,12.8,2.11.0+cu128,mma_async_compact,mma_async_compact,v6-compact,2,4096,2560,row-major/row-major,fp16,fp32,fp16,-1,0,20,50,10,51.50719881057739,51.814401149749756,51.20000243186951,0.8143141341125831,0.5924453397649521,0.0009765625,1.340471499133855e-06,0.05535055324435234,4.684394662035629e-05,0,0,,,,,,,pass
2026-09-29T05:37:10.151215+00:00,be796bb000f3c924ba08fbacdddd08ca42edb200,NVIDIA GeForce RTX 3090,8.6,595.84,12.8,2.11.0+cu128,cublaslt,cublaslt,v0-reference,2,4096,2560,row-major/row-major,fp16,fp32,fp16,6,0,20,50,10,30.515199899673462,31.237441301345825,30.275198817253113,1.374496648814312,1.0,0.0009765625,1.340471499133855e-06,0.05535055324435234,4.684394662035629e-05,0,0,,,,,,,pass
2026-09-29T05:37:10.151215+00:00,be796bb000f3c924ba08fbacdddd08ca42edb200,NVIDIA GeForce RTX 3090,8.6,595.84,12.8,2.11.0+cu128,wmma_tiled,wmma_tiled,v3,2,9728,2560,row-major/row-major,fp16,fp32,fp16,-1,0,20,50,10,416.5503978729248,416.9126534461975,416.2559986114502,0.23914205942107641,0.15264803630392318,0.0009765625,1.8792864011629717e-06,0.0446428582072258,5.981492358841933e-05,0,0,,,,,,,pass
2026-09-29T05:37:10.151215+00:00,be796bb000f3c924ba08fbacdddd08ca42edb200,NVIDIA GeForce RTX 3090,8.6,595.84,12.8,2.11.0+cu128,mma_ptx,mma_ptx,v4,2,9728,2560,row-major/row-major,fp16,fp32,fp16,-1,0,20,50,10,443.02401542663574,443.8101005554199,442.67520904541016,0.22485173835118222,0.1435263056692004,0.0009765625,1.8792864011629717e-06,0.0446428582072258,5.981492358841933e-05,0,0,,,,,,,pass
2026-09-29T05:37:10.151215+00:00,be796bb000f3c924ba08fbacdddd08ca42edb200,NVIDIA GeForce RTX 3090,8.6,595.84,12.8,2.11.0+cu128,mma_vectorized,mma_vectorized,v5,2,9728,2560,row-major/row-major,fp16,fp32,fp16,-1,0,20,50,10,412.97922134399414,413.342707157135,412.67199516296387,0.2412100048903554,0.15396803754432903,0.0009765625,1.8792864011629717e-06,0.0446428582072258,5.981492358841933e-05,0,0,,,,,,,pass
2026-09-29T05:37:10.151215+00:00,be796bb000f3c924ba08fbacdddd08ca42edb200,NVIDIA GeForce RTX 3090,8.6,595.84,12.8,2.11.0+cu128,mma_async,mma_async,v6,2,9728,2560,row-major/row-major,fp16,fp32,fp16,-1,0,20,50,10,124.21120405197144,124.63279902935028,124.0064024925232,0.8019785393781387,0.5119151749814365,0.0009765625,1.8792864011629717e-06,0.0446428582072258,5.981492358841933e-05,0,0,,,,,,,pass
2026-09-29T05:37:10.151215+00:00,be796bb000f3c924ba08fbacdddd08ca42edb200,NVIDIA GeForce RTX 3090,8.6,595.84,12.8,2.11.0+cu128,mma_async_compact,mma_async_compact,v6-compact,2,9728,2560,row-major/row-major,fp16,fp32,fp16,-1,0,20,50,10,68.71039867401123,71.01951837539673,68.30080151557922,1.4497764810332547,0.9254145148916194,0.0009765625,1.8792864011629717e-06,0.0446428582072258,5.981492358841933e-05,0,0,,,,,,,pass
2026-09-29T05:37:10.151215+00:00,be796bb000f3c924ba08fbacdddd08ca42edb200,NVIDIA GeForce RTX 3090,8.6,595.84,12.8,2.11.0+cu128,cublaslt,cublaslt,v0-reference,2,9728,2560,row-major/row-major,fp16,fp32,fp16,6,0,20,50,10,63.58560025691986,64.19039934873581,63.27999830245972,1.5666238833557158,1.0,0.0009765625,1.8792864011629717e-06,0.0446428582072258,5.981492358841933e-05,0,0,,,,,,,pass
2026-09-29T05:37:10.151215+00:00,be796bb000f3c924ba08fbacdddd08ca42edb200,NVIDIA GeForce RTX 3090,8.6,595.84,12.8,2.11.0+cu128,wmma_tiled,wmma_tiled,v3,8,2560,4096,row-major/row-major,fp16,fp32,fp16,-1,0,20,50,10,667.2384023666382,678.5985541343689,666.6111946105957,0.25144260193197265,0.06015960494114076,0.0009765625,3.7000806969444966e-06,1.0132789611816406,6.476179260062054e-05,0,0,,,,,,,pass
2026-09-29T05:37:10.151215+00:00,be796bb000f3c924ba08fbacdddd08ca42edb200,NVIDIA GeForce RTX 3090,8.6,595.84,12.8,2.11.0+cu128,mma_ptx,mma_ptx,v4,8,2560,4096,row-major/row-major,fp16,fp32,fp16,-1,0,20,50,10,709.7343921661377,710.3041577339172,709.0176105499268,0.2363872483168706,0.05655749408651813,0.0009765625,3.7000806969444966e-06,1.0132789611816406,6.476179260062054e-05,0,0,,,,,,,pass
2026-09-29T05:37:10.151215+00:00,be796bb000f3c924ba08fbacdddd08ca42edb200,NVIDIA GeForce RTX 3090,8.6,595.84,12.8,2.11.0+cu128,mma_vectorized,mma_vectorized,v5,8,2560,4096,row-major/row-major,fp16,fp32,fp16,-1,0,20,50,10,659.8464012145996,660.2731108665466,659.2512130737305,0.2542594150565596,0.06083354946552178,0.0009765625,3.7000806969444966e-06,1.0132789611816406,6.476179260062054e-05,0,0,,,,,,,pass
2026-09-29T05:37:10.151215+00:00,be796bb000f3c924ba08fbacdddd08ca42edb200,NVIDIA GeForce RTX 3090,8.6,595.84,12.8,2.11.0+cu128,mma_async,mma_async,v6,8,2560,4096,row-major/row-major,fp16,fp32,fp16,-1,0,20,50,10,197.01759815216064,197.324800491333,196.78399562835693,0.8515592595460747,0.2037421989934794,0.0009765625,3.7000806969444966e-06,1.0132789611816406,6.476179260062054e-05,0,0,,,,,,,pass
2026-09-29T05:37:10.151215+00:00,be796bb000f3c924ba08fbacdddd08ca42edb200,NVIDIA GeForce RTX 3090,8.6,595.84,12.8,2.11.0+cu128,mma_async_compact,mma_async_compact,v6-compact,8,2560,4096,row-major/row-major,fp16,fp32,fp16,-1,0,20,50,10,79.7679990530014,80.01327991485596,79.46239709854126,2.103251454114133,0.5032193256002766,0.0009765625,3.7000806969444966e-06,1.0132789611816406,6.476179260062054e-05,0,0,,,,,,,pass
2026-09-29T05:37:10.151215+00:00,be796bb000f3c924ba08fbacdddd08ca42edb200,NVIDIA GeForce RTX 3090,8.6,595.84,12.8,2.11.0+cu128,cublaslt,cublaslt,v0-reference,8,2560,4096,row-major/row-major,fp16,fp32,fp16,31,0,20,50,10,40.140798687934875,40.56095972657204,39.93600010871887,4.179591973351226,1.0,0.0009765625,1.6847421875354485e-06,0.8344650268554688,4.052071744808927e-05,0,0,,,,,,,pass
2026-09-29T05:37:10.151215+00:00,be796bb000f3c924ba08fbacdddd08ca42edb200,NVIDIA GeForce RTX 3090,8.6,595.84,12.8,2.11.0+cu128,wmma_tiled,wmma_tiled,v3,8,2560,9728,row-major/row-major,fp16,fp32,fp16,-1,0,20,50,10,1575.0656127929688,1575.9014415740967,1573.3759880065918,0.2529792262389863,0.04362383263016657,0.001953125,1.1939509022340644e-05,0.52073734998703,0.00010051846038550138,0,0,,,,,,,pass
2026-09-29T05:37:10.151215+00:00,be796bb000f3c924ba08fbacdddd08ca42edb200,NVIDIA GeForce RTX 3090,8.6,595.84,12.8,2.11.0+cu128,mma_ptx,mma_ptx,v4,8,2560,9728,row-major/row-major,fp16,fp32,fp16,-1,0,20,50,10,1677.6191711425781,1678.2898616790771,1676.7999649047852,0.23751450082000503,0.04095708958023802,0.001953125,1.1939509022340644e-05,0.52073734998703,0.00010051846038550138,0,0,,,,,,,pass
2026-09-29T05:37:10.151215+00:00,be796bb000f3c924ba08fbacdddd08ca42edb200,NVIDIA GeForce RTX 3090,8.6,595.84,12.8,2.11.0+cu128,mma_vectorized,mma_vectorized,v5,8,2560,9728,row-major/row-major,fp16,fp32,fp16,-1,0,20,50,10,1559.2448234558105,1560.6886291503906,1558.732795715332,0.2555460656376471,0.04406645937853806,0.001953125,1.1939509022340644e-05,0.52073734998703,0.00010051846038550138,0,0,,,,,,,pass
2026-09-29T05:37:10.151215+00:00,be796bb000f3c924ba08fbacdddd08ca42edb200,NVIDIA GeForce RTX 3090,8.6,595.84,12.8,2.11.0+cu128,mma_async,mma_async,v6,8,2560,9728,row-major/row-major,fp16,fp32,fp16,-1,0,20,50,10,461.79678440093994,462.6534581184387,461.516809463501,0.8628446395894588,0.14878925318448227,0.001953125,1.1939509022340644e-05,0.52073734998703,0.00010051846038550138,0,0,,,,,,,pass
2026-09-29T05:37:10.151215+00:00,be796bb000f3c924ba08fbacdddd08ca42edb200,NVIDIA GeForce RTX 3090,8.6,595.84,12.8,2.11.0+cu128,mma_async_compact,mma_async_compact,v6-compact,8,2560,9728,row-major/row-major,fp16,fp32,fp16,-1,0,20,50,10,183.50080251693726,184.12400126457214,183.28319787979126,2.171428541644781,0.37444195192372093,0.001953125,1.1939509022340644e-05,0.52073734998703,0.00010051846038550138,0,0,,,,,,,pass
2026-09-29T05:37:10.151215+00:00,be796bb000f3c924ba08fbacdddd08ca42edb200,NVIDIA GeForce RTX 3090,8.6,595.84,12.8,2.11.0+cu128,cublaslt,cublaslt,v0-reference,8,2560,9728,row-major/row-major,fp16,fp32,fp16,6,80,20,50,10,68.71039867401123,69.46591764688492,67.80800223350525,5.799105924133019,1.0,0.00390625,0.0001450057461624965,7.718894004821777,0.0003314087516628206,0,0,,,,,,,pass
2026-09-29T05:37:10.151215+00:00,be796bb000f3c924ba08fbacdddd08ca42edb200,NVIDIA GeForce RTX 3090,8.6,595.84,12.8,2.11.0+cu128,wmma_tiled,wmma_tiled,v3,8,4096,2560,row-major/row-major,fp16,fp32,fp16,-1,0,20,50,10,407.0255994796753,411.22814416885376,406.5279960632324,0.4121906833734119,0.07522278873500304,0.0009765625,1.7634356481721625e-06,0.13432836532592773,5.390030128182843e-05,0,0,,,,,,,pass
2026-09-29T05:37:10.151215+00:00,be796bb000f3c924ba08fbacdddd08ca42edb200,NVIDIA GeForce RTX 3090,8.6,595.84,12.8,2.11.0+cu128,mma_ptx,mma_ptx,v4,8,4096,2560,row-major/row-major,fp16,fp32,fp16,-1,0,20,50,10,438.5791778564453,439.39632177352905,438.16962242126465,0.3825356251976805,0.0698108852979319,0.0009765625,1.7634356481721625e-06,0.13432836532592773,5.390030128182843e-05,0,0,,,,,,,pass
2026-09-29T05:37:10.151215+00:00,be796bb000f3c924ba08fbacdddd08ca42edb200,NVIDIA GeForce RTX 3090,8.6,595.84,12.8,2.11.0+cu128,mma_vectorized,mma_vectorized,v5,8,4096,2560,row-major/row-major,fp16,fp32,fp16,-1,0,20,50,10,408.0639839172363,408.46352338790894,407.7568054199219,0.4111417978853718,0.07503137225069942,0.0009765625,1.7634356481721625e-06,0.13432836532592773,5.390030128182843e-05,0,0,,,,,,,pass
2026-09-29T05:37:10.151215+00:00,be796bb000f3c924ba08fbacdddd08ca42edb200,NVIDIA GeForce RTX 3090,8.6,595.84,12.8,2.11.0+cu128,mma_async,mma_async,v6,8,4096,2560,row-major/row-major,fp16,fp32,fp16,-1,0,20,50,10,124.59359765052795,125.17999827861786,124.39359426498413,1.3465552256592144,0.24573975915902807,0.0009765625,1.7634356481721625e-06,0.13432836532592773,5.390030128182843e-05,0,0,,,,,,,pass
2026-09-29T05:37:10.151215+00:00,be796bb000f3c924ba08fbacdddd08ca42edb200,NVIDIA GeForce RTX 3090,8.6,595.84,12.8,2.11.0+cu128,mma_async_compact,mma_async_compact,v6-compact,8,4096,2560,row-major/row-major,fp16,fp32,fp16,-1,0,20,50,10,51.609599590301514,52.0086395740509,51.31840109825134,3.250793676599804,0.5932539861276359,0.0009765625,1.7634356481721625e-06,0.13432836532592773,5.390030128182843e-05,0,0,,,,,,,pass
2026-09-29T05:37:10.151215+00:00,be796bb000f3c924ba08fbacdddd08ca42edb200,NVIDIA GeForce RTX 3090,8.6,595.84,12.8,2.11.0+cu128,cublaslt,cublaslt,v0-reference,8,4096,2560,row-major/row-major,fp16,fp32,fp16,6,0,20,50,10,30.617600679397583,31.2883198261261,30.41279911994934,5.479598540616313,1.0,0.0009765625,1.7634356481721625e-06,0.13432836532592773,5.390030128182843e-05,0,0,,,,,,,pass
2026-09-29T05:37:10.151215+00:00,be796bb000f3c924ba08fbacdddd08ca42edb200,NVIDIA GeForce RTX 3090,8.6,595.84,12.8,2.11.0+cu128,wmma_tiled,wmma_tiled,v3,8,9728,2560,row-major/row-major,fp16,fp32,fp16,-1,0,20,50,10,421.61760330200195,422.5132727622986,421.3024139404297,0.9450717353340357,0.15140164875171372,0.0009765625,1.6149631392181618e-06,0.28125,5.158897693036124e-05,0,0,,,,,,,pass
2026-09-29T05:37:10.151215+00:00,be796bb000f3c924ba08fbacdddd08ca42edb200,NVIDIA GeForce RTX 3090,8.6,595.84,12.8,2.11.0+cu128,mma_ptx,mma_ptx,v4,8,9728,2560,row-major/row-major,fp16,fp32,fp16,-1,0,20,50,10,448.00000190734863,448.4774351119995,447.59039878845215,0.8894171390704719,0.1424857143100427,0.0009765625,1.6149631392181618e-06,0.28125,5.158897693036124e-05,0,0,,,,,,,pass
2026-09-29T05:37:10.151215+00:00,be796bb000f3c924ba08fbacdddd08ca42edb200,NVIDIA GeForce RTX 3090,8.6,595.84,12.8,2.11.0+cu128,mma_vectorized,mma_vectorized,v5,8,9728,2560,row-major/row-major,fp16,fp32,fp16,-1,0,20,50,10,417.0527935028076,417.3363137245178,416.63360595703125,0.9554159238530975,0.15305880041357245,0.0009765625,1.6149631392181618e-06,0.28125,5.158897693036124e-05,0,0,,,,,,,pass
2026-09-29T05:37:10.151215+00:00,be796bb000f3c924ba08fbacdddd08ca42edb200,NVIDIA GeForce RTX 3090,8.6,595.84,12.8,2.11.0+cu128,mma_async,mma_async,v6,8,9728,2560,row-major/row-major,fp16,fp32,fp16,-1,0,20,50,10,125.31039714813232,125.44000148773193,125.13279914855957,3.1797750950304033,0.5094038622127253,0.0009765625,1.6149631392181618e-06,0.28125,5.158897693036124e-05,0,0,,,,,,,pass
2026-09-29T05:37:10.151215+00:00,be796bb000f3c924ba08fbacdddd08ca42edb200,NVIDIA GeForce RTX 3090,8.6,595.84,12.8,2.11.0+cu128,mma_async_compact,mma_async_compact,v6-compact,8,9728,2560,row-major/row-major,fp16,fp32,fp16,-1,0,20,50,10,69.15680170059204,70.91711759567261,68.50559711456299,5.76167304157718,0.9230270734472471,0.0009765625,1.6149631392181618e-06,0.28125,5.158897693036124e-05,0,0,,,,,,,pass
2026-09-29T05:37:10.151215+00:00,be796bb000f3c924ba08fbacdddd08ca42edb200,NVIDIA GeForce RTX 3090,8.6,595.84,12.8,2.11.0+cu128,cublaslt,cublaslt,v0-reference,8,9728,2560,row-major/row-major,fp16,fp32,fp16,6,0,20,50,10,63.83360028266907,64.72703814506531,63.4880006313324,6.242149561289625,1.0,0.0009765625,1.6149631392181618e-06,0.28125,5.158897693036124e-05,0,0,,,,,,,pass
2026-09-29T05:37:10.151215+00:00,be796bb000f3c924ba08fbacdddd08ca42edb200,NVIDIA GeForce RTX 3090,8.6,595.84,12.8,2.11.0+cu128,wmma_tiled,wmma_tiled,v3,16,2560,4096,row-major/row-major,fp16,fp32,fp16,-1,0,20,50,10,673.1776237487793,682.3809695243835,671.8463897705078,0.49844841563720865,0.0600067483342374,0.0009765625,3.91086223316961e-06,1.7881393432617188,7.194564386736602e-05,0,0,,,,,,,pass
2026-09-29T05:37:10.151215+00:00,be796bb000f3c924ba08fbacdddd08ca42edb200,NVIDIA GeForce RTX 3090,8.6,595.84,12.8,2.11.0+cu128,mma_ptx,mma_ptx,v4,16,2560,4096,row-major/row-major,fp16,fp32,fp16,-1,0,20,50,10,718.9504146575928,719.5576095581055,718.336009979248,0.46671413376930354,0.05618635086506149,0.0009765625,3.91086223316961e-06,1.7881393432617188,7.194564386736602e-05,0,0,,,,,,,pass
2026-09-29T05:37:10.151215+00:00,be796bb000f3c924ba08fbacdddd08ca42edb200,NVIDIA GeForce RTX 3090,8.6,595.84,12.8,2.11.0+cu128,mma_vectorized,mma_vectorized,v5,16,2560,4096,row-major/row-major,fp16,fp32,fp16,-1,0,20,50,10,668.9199924468994,669.6019148826599,668.44801902771,0.5016210066806104,0.06038868729990848,0.0009765625,3.91086223316961e-06,1.7881393432617188,7.194564386736602e-05,0,0,,,,,,,pass
2026-09-29T05:37:10.151215+00:00,be796bb000f3c924ba08fbacdddd08ca42edb200,NVIDIA GeForce RTX 3090,8.6,595.84,12.8,2.11.0+cu128,mma_async,mma_async,v6,16,2560,4096,row-major/row-major,fp16,fp32,fp16,-1,0,20,50,10,199.0656018257141,199.43936467170715,198.86080026626587,1.6855966923596157,0.20292406062148172,0.0009765625,3.91086223316961e-06,1.7881393432617188,7.194564386736602e-05,0,0,,,,,,,pass
2026-09-29T05:37:10.151215+00:00,be796bb000f3c924ba08fbacdddd08ca42edb200,NVIDIA GeForce RTX 3090,8.6,595.84,12.8,2.11.0+cu128,mma_async_compact,mma_async_compact,v6-compact,16,2560,4096,row-major/row-major,fp16,fp32,fp16,-1,0,20,50,10,80.35999834537506,80.58879971504211,79.97440099716187,4.17551427213676,0.5026779627212101,0.0009765625,3.91086223316961e-06,1.7881393432617188,7.194564386736602e-05,0,0,,,,,,,pass
2026-09-29T05:37:10.151215+00:00,be796bb000f3c924ba08fbacdddd08ca42edb200,NVIDIA GeForce RTX 3090,8.6,595.84,12.8,2.11.0+cu128,cublaslt,cublaslt,v0-reference,16,2560,4096,row-major/row-major,fp16,fp32,fp16,31,0,20,50,10,40.39520025253296,41.47199988365173,40.22400081157684,8.306539338889895,1.0,0.0009765625,2.021242153205094e-06,1.0132789611816406,5.14355197083205e-05,0,0,,,,,,,pass
2026-09-29T05:37:10.151215+00:00,be796bb000f3c924ba08fbacdddd08ca42edb200,NVIDIA GeForce RTX 3090,8.6,595.84,12.8,2.11.0+cu128,wmma_tiled,wmma_tiled,v3,16,2560,9728,row-major/row-major,fp16,fp32,fp16,-1,0,20,50,10,1589.8624420166016,1590.8505535125732,1587.3151779174805,0.5012495036923946,0.04313530409786721,0.001953125,1.1155956599395722e-05,0.15350553393363953,9.427613258594647e-05,0,0,,,,,,,pass
2026-09-29T05:37:10.151215+00:00,be796bb000f3c924ba08fbacdddd08ca42edb200,NVIDIA GeForce RTX 3090,8.6,595.84,12.8,2.11.0+cu128,mma_ptx,mma_ptx,v4,16,2560,9728,row-major/row-major,fp16,fp32,fp16,-1,0,20,50,10,1699.5680809020996,1700.3418636322021,1698.9471435546875,0.46889428493915386,0.04035095779968007,0.001953125,1.1155956599395722e-05,0.15350553393363953,9.427613258594647e-05,0,0,,,,,,,pass
2026-09-29T05:37:10.151215+00:00,be796bb000f3c924ba08fbacdddd08ca42edb200,NVIDIA GeForce RTX 3090,8.6,595.84,12.8,2.11.0+cu128,mma_vectorized,mma_vectorized,v5,16,2560,9728,row-major/row-major,fp16,fp32,fp16,-1,0,20,50,10,1581.3807964324951,1582.1737813949585,1580.6464195251465,0.5039379267775358,0.04336665783780518,0.001953125,1.1155956599395722e-05,0.15350553393363953,9.427613258594647e-05,0,0,,,,,,,pass
2026-09-29T05:37:10.151215+00:00,be796bb000f3c924ba08fbacdddd08ca42edb200,NVIDIA GeForce RTX 3090,8.6,595.84,12.8,2.11.0+cu128,mma_async,mma_async,v6,16,2560,9728,row-major/row-major,fp16,fp32,fp16,-1,0,20,50,10,466.1248207092285,466.6295909881592,465.81759452819824,1.7096660048856787,0.14712625645168975,0.001953125,1.1155956599395722e-05,0.15350553393363953,9.427613258594647e-05,0,0,,,,,,,pass
2026-09-29T05:37:10.151215+00:00,be796bb000f3c924ba08fbacdddd08ca42edb200,NVIDIA GeForce RTX 3090,8.6,595.84,12.8,2.11.0+cu128,mma_async_compact,mma_async_compact,v6-compact,16,2560,9728,row-major/row-major,fp16,fp32,fp16,-1,0,20,50,10,184.0928018093109,185.09312272071838,183.79520177841187,4.328891473037998,0.37252515707376954,0.001953125,1.1155956599395722e-05,0.15350553393363953,9.427613258594647e-05,0,0,,,,,,,pass
2026-09-29T05:37:10.151215+00:00,be796bb000f3c924ba08fbacdddd08ca42edb200,NVIDIA GeForce RTX 3090,8.6,595.84,12.8,2.11.0+cu128,cublaslt,cublaslt,v0-reference,16,2560,9728,row-major/row-major,fp16,fp32,fp16,6,80,20,50,10,68.57919991016388,69.07392144203186,68.1984007358551,11.620400369848756,1.0,0.001953125,0.00014487052976619452,3.4870848655700684,0.0003301450051367283,0,0,,,,,,,pass
2026-09-29T05:37:10.151215+00:00,be796bb000f3c924ba08fbacdddd08ca42edb200,NVIDIA GeForce RTX 3090,8.6,595.84,12.8,2.11.0+cu128,wmma_tiled,wmma_tiled,v3,16,4096,2560,row-major/row-major,fp16,fp32,fp16,-1,0,20,50,10,411.12961769104004,413.28991413116455,410.71038246154785,0.8161521465771857,0.07523077484921444,0.0009765625,1.7053698684321716e-06,0.4172325134277344,5.4266787628876045e-05,0,0,,,,,,,pass
2026-09-29T05:37:10.151215+00:00,be796bb000f3c924ba08fbacdddd08ca42edb200,NVIDIA GeForce RTX 3090,8.6,595.84,12.8,2.11.0+cu128,mma_ptx,mma_ptx,v4,16,4096,2560,row-major/row-major,fp16,fp32,fp16,-1,0,20,50,10,445.13278007507324,446.0839819908142,444.79360580444336,0.753807257114179,0.06948398564837631,0.0009765625,1.7053698684321716e-06,0.4172325134277344,5.4266787628876045e-05,0,0,,,,,,,pass
2026-09-29T05:37:10.151215+00:00,be796bb000f3c924ba08fbacdddd08ca42edb200,NVIDIA GeForce RTX 3090,8.6,595.84,12.8,2.11.0+cu128,mma_vectorized,mma_vectorized,v5,16,4096,2560,row-major/row-major,fp16,fp32,fp16,-1,0,20,50,10,414.2079830169678,414.61758613586426,413.9008045196533,0.8100865597905548,0.07467166488940225,0.0009765625,1.7053698684321716e-06,0.4172325134277344,5.4266787628876045e-05,0,0,,,,,,,pass
2026-09-29T05:37:10.151215+00:00,be796bb000f3c924ba08fbacdddd08ca42edb200,NVIDIA GeForce RTX 3090,8.6,595.84,12.8,2.11.0+cu128,mma_async,mma_async,v6,16,4096,2560,row-major/row-major,fp16,fp32,fp16,-1,0,20,50,10,125.84960460662842,126.35775983333588,125.64480304718018,2.6662326119245283,0.24576636374055957,0.0009765625,1.7053698684321716e-06,0.4172325134277344,5.4266787628876045e-05,0,0,,,,,,,pass
2026-09-29T05:37:10.151215+00:00,be796bb000f3c924ba08fbacdddd08ca42edb200,NVIDIA GeForce RTX 3090,8.6,595.84,12.8,2.11.0+cu128,mma_async_compact,mma_async_compact,v6-compact,16,4096,2560,row-major/row-major,fp16,fp32,fp16,-1,0,20,50,10,52.12159752845764,53.318080604076385,51.686400175094604,6.437721326879854,0.5934123505226624,0.0009765625,1.7053698684321716e-06,0.4172325134277344,5.4266787628876045e-05,0,0,,,,,,,pass
2026-09-29T05:37:10.151215+00:00,be796bb000f3c924ba08fbacdddd08ca42edb200,NVIDIA GeForce RTX 3090,8.6,595.84,12.8,2.11.0+cu128,cublaslt,cublaslt,v0-reference,16,4096,2560,row-major/row-major,fp16,fp32,fp16,6,0,20,50,10,30.929599702358246,31.52416005730629,30.617600679397583,10.848647354928952,1.0,0.0009765625,1.7053698684321716e-06,0.4172325134277344,5.4266787628876045e-05,0,0,,,,,,,pass
2026-09-29T05:37:10.151215+00:00,be796bb000f3c924ba08fbacdddd08ca42edb200,NVIDIA GeForce RTX 3090,8.6,595.84,12.8,2.11.0+cu128,wmma_tiled,wmma_tiled,v3,16,9728,2560,row-major/row-major,fp16,fp32,fp16,-1,0,20,50,10,425.164794921875,425.4705619812012,424.6528148651123,1.8743738181484086,0.15334477598013177,0.0009765625,1.7847667095338693e-06,0.5960464477539062,5.453919948195107e-05,0,0,,,,,,,pass
2026-09-29T05:37:10.151215+00:00,be796bb000f3c924ba08fbacdddd08ca42edb200,NVIDIA GeForce RTX 3090,8.6,595.84,12.8,2.11.0+cu128,mma_ptx,mma_ptx,v4,16,9728,2560,row-major/row-major,fp16,fp32,fp16,-1,0,20,50,10,454.34560775756836,454.609911441803,454.04157638549805,1.753990236492443,0.1434960504046989,0.0009765625,1.7847667095338693e-06,0.5960464477539062,5.453919948195107e-05,0,0,,,,,,,pass
2026-09-29T05:37:10.151215+00:00,be796bb000f3c924ba08fbacdddd08ca42edb200,NVIDIA GeForce RTX 3090,8.6,595.84,12.8,2.11.0+cu128,mma_vectorized,mma_vectorized,v5,16,9728,2560,row-major/row-major,fp16,fp32,fp16,-1,0,20,50,10,423.15359115600586,423.42400550842285,422.91197776794434,1.8832825164567657,0.15407360730136688,0.0009765625,1.7847667095338693e-06,0.5960464477539062,5.453919948195107e-05,0,0,,,,,,,pass
2026-09-29T05:37:10.151215+00:00,be796bb000f3c924ba08fbacdddd08ca42edb200,NVIDIA GeForce RTX 3090,8.6,595.84,12.8,2.11.0+cu128,mma_async,mma_async,v6,16,9728,2560,row-major/row-major,fp16,fp32,fp16,-1,0,20,50,10,126.77119970321655,127.07103788852692,126.5887975692749,6.286268189191712,0.5142871597379018,0.0009765625,1.7847667095338693e-06,0.5960464477539062,5.453919948195107e-05,0,0,,,,,,,pass
2026-09-29T05:37:10.151215+00:00,be796bb000f3c924ba08fbacdddd08ca42edb200,NVIDIA GeForce RTX 3090,8.6,595.84,12.8,2.11.0+cu128,mma_async_compact,mma_async_compact,v6-compact,16,9728,2560,row-major/row-major,fp16,fp32,fp16,-1,0,20,50,10,70.14559805393219,70.74688225984573,69.12000179290771,11.360909053584251,0.9294496310631828,0.0009765625,1.7847667095338693e-06,0.5960464477539062,5.453919948195107e-05,0,0,,,,,,,pass
2026-09-29T05:37:10.151215+00:00,be796bb000f3c924ba08fbacdddd08ca42edb200,NVIDIA GeForce RTX 3090,8.6,595.84,12.8,2.11.0+cu128,cublaslt,cublaslt,v0-reference,16,9728,2560,row-major/row-major,fp16,fp32,fp16,23,0,20,50,10,65.1968002319336,65.83743929862976,64.81919884681702,12.22326490203529,1.0,0.0009765625,1.7847667095338693e-06,0.5960464477539062,5.453919948195107e-05,0,0,,,,,,,pass
2026-09-29T05:37:10.151215+00:00,be796bb000f3c924ba08fbacdddd08ca42edb200,NVIDIA GeForce RTX 3090,8.6,595.84,12.8,2.11.0+cu128,wmma_tiled,wmma_tiled,v3,64,2560,4096,row-major/row-major,fp16,fp32,fp16,-1,0,20,50,10,768.8271999359131,788.7755179405212,768.1920051574707,1.7457463525118253,0.045417748810352605,0.001953125,3.1616025353287114e-06,0.16206896305084229,6.34442621958442e-05,0,0,,,,,,,pass
2026-09-29T05:37:10.151215+00:00,be796bb000f3c924ba08fbacdddd08ca42edb200,NVIDIA GeForce RTX 3090,8.6,595.84,12.8,2.11.0+cu128,mma_ptx,mma_ptx,v4,64,2560,4096,row-major/row-major,fp16,fp32,fp16,-1,0,20,50,10,816.267204284668,816.6256189346313,815.7024383544922,1.6442866661244966,0.04277814968182707,0.001953125,3.1616025353287114e-06,0.16206896305084229,6.34442621958442e-05,0,0,,,,,,,pass
2026-09-29T05:37:10.151215+00:00,be796bb000f3c924ba08fbacdddd08ca42edb200,NVIDIA GeForce RTX 3090,8.6,595.84,12.8,2.11.0+cu128,mma_vectorized,mma_vectorized,v5,64,2560,4096,row-major/row-major,fp16,fp32,fp16,-1,0,20,50,10,766.5728092193604,767.0697522163391,766.048002243042,1.7508803649933875,0.04555131648983898,0.001953125,3.1616025353287114e-06,0.16206896305084229,6.34442621958442e-05,0,0,,,,,,,pass
2026-09-29T05:37:10.151215+00:00,be796bb000f3c924ba08fbacdddd08ca42edb200,NVIDIA GeForce RTX 3090,8.6,595.84,12.8,2.11.0+cu128,mma_async,mma_async,v6,64,2560,4096,row-major/row-major,fp16,fp32,fp16,-1,0,20,50,10,201.62560939788818,201.8235206604004,201.3983964920044,6.65677978114053,0.173184352669943,0.001953125,3.1616025353287114e-06,0.16206896305084229,6.34442621958442e-05,0,0,,,,,,,pass
2026-09-29T05:37:10.151215+00:00,be796bb000f3c924ba08fbacdddd08ca42edb200,NVIDIA GeForce RTX 3090,8.6,595.84,12.8,2.11.0+cu128,mma_async_compact,mma_async_compact,v6-compact,64,2560,4096,row-major/row-major,fp16,fp32,fp16,-1,0,20,50,10,76.4816015958786,76.78704023361206,75.98080039024353,17.54902162080673,0.45655948511331523,0.001953125,3.1616025353287114e-06,0.16206896305084229,6.34442621958442e-05,0,0,,,,,,,pass
2026-09-29T05:37:10.151215+00:00,be796bb000f3c924ba08fbacdddd08ca42edb200,NVIDIA GeForce RTX 3090,8.6,595.84,12.8,2.11.0+cu128,cublaslt,cublaslt,v0-reference,64,2560,4096,row-major/row-major,fp16,fp32,fp16,6,160,20,50,10,34.91840064525604,35.22560000419617,34.19199883937836,38.43753594660545,1.0,0.001953125,6.342359120026231e-05,1.980102300643921,0.0002669360546860844,0,0,,,,,,,pass
2026-09-29T05:37:10.151215+00:00,be796bb000f3c924ba08fbacdddd08ca42edb200,NVIDIA GeForce RTX 3090,8.6,595.84,12.8,2.11.0+cu128,wmma_tiled,wmma_tiled,v3,64,2560,9728,row-major/row-major,fp16,fp32,fp16,-1,0,20,50,10,1818.2031631469727,1819.025583267212,1816.9727325439453,1.7531984899216282,0.0383393900796014,0.001953125,1.1771540812333114e-05,3.126760482788086,9.832937939791009e-05,0,0,,,,,,,pass
2026-09-29T05:37:10.151215+00:00,be796bb000f3c924ba08fbacdddd08ca42edb200,NVIDIA GeForce RTX 3090,8.6,595.84,12.8,2.11.0+cu128,mma_ptx,mma_ptx,v4,64,2560,9728,row-major/row-major,fp16,fp32,fp16,-1,0,20,50,10,1923.481559753418,1924.0959167480469,1922.867202758789,1.6572402391050973,0.03624095066697353,0.001953125,1.1771540812333114e-05,3.126760482788086,9.832937939791009e-05,0,0,,,,,,,pass
2026-09-29T05:37:10.151215+00:00,be796bb000f3c924ba08fbacdddd08ca42edb200,NVIDIA GeForce RTX 3090,8.6,595.84,12.8,2.11.0+cu128,mma_vectorized,mma_vectorized,v5,64,2560,9728,row-major/row-major,fp16,fp32,fp16,-1,0,20,50,10,1807.744026184082,1808.3185482025146,1807.0528030395508,1.7633420405923113,0.038561211823226624,0.001953125,1.1771540812333114e-05,3.126760482788086,9.832937939791009e-05,0,0,,,,,,,pass
2026-09-29T05:37:10.151215+00:00,be796bb000f3c924ba08fbacdddd08ca42edb200,NVIDIA GeForce RTX 3090,8.6,595.84,12.8,2.11.0+cu128,mma_async,mma_async,v6,64,2560,9728,row-major/row-major,fp16,fp32,fp16,-1,0,20,50,10,469.0432071685791,469.66270685195923,468.37759017944336,6.796113857490143,0.14861914478339913,0.001953125,1.1771540812333114e-05,3.126760482788086,9.832937939791009e-05,0,0,,,,,,,pass
2026-09-29T05:37:10.151215+00:00,be796bb000f3c924ba08fbacdddd08ca42edb200,NVIDIA GeForce RTX 3090,8.6,595.84,12.8,2.11.0+cu128,mma_async_compact,mma_async_compact,v6-compact,64,2560,9728,row-major/row-major,fp16,fp32,fp16,-1,0,20,50,10,173.46559762954712,174.3155175447464,172.9375958442688,18.37638750023267,0.40185951144460896,0.001953125,1.1771540812333114e-05,3.126760482788086,9.832937939791009e-05,0,0,,,,,,,pass
2026-09-29T05:37:10.151215+00:00,be796bb000f3c924ba08fbacdddd08ca42edb200,NVIDIA GeForce RTX 3090,8.6,595.84,12.8,2.11.0+cu128,cublaslt,cublaslt,v0-reference,64,2560,9728,row-major/row-major,fp16,fp32,fp16,6,1310720,20,50,10,69.70880031585693,70.54640173912048,69.32479739189148,45.72838760036569,1.0,0.00390625,0.00015925189654808491,29.845069885253906,0.00033103712485171854,0,0,,,,,,,pass
2026-09-29T05:37:10.151215+00:00,be796bb000f3c924ba08fbacdddd08ca42edb200,NVIDIA GeForce RTX 3090,8.6,595.84,12.8,2.11.0+cu128,wmma_tiled,wmma_tiled,v3,64,4096,2560,row-major/row-major,fp16,fp32,fp16,-1,0,20,50,10,471.0400104522705,497.55327701568604,470.32318115234375,2.8493912411204825,0.0680434760602019,0.0009765625,1.645504653424723e-06,0.1388888955116272,5.172528835828416e-05,0,0,,,,,,,pass
2026-09-29T05:37:10.151215+00:00,be796bb000f3c924ba08fbacdddd08ca42edb200,NVIDIA GeForce RTX 3090,8.6,595.84,12.8,2.11.0+cu128,mma_ptx,mma_ptx,v4,64,4096,2560,row-major/row-major,fp16,fp32,fp16,-1,0,20,50,10,504.45919036865234,505.19551515579224,504.1888236999512,2.6606260835869677,0.0635357632223604,0.0009765625,1.645504653424723e-06,0.1388888955116272,5.172528835828416e-05,0,0,,,,,,,pass
2026-09-29T05:37:10.151215+00:00,be796bb000f3c924ba08fbacdddd08ca42edb200,NVIDIA GeForce RTX 3090,8.6,595.84,12.8,2.11.0+cu128,mma_vectorized,mma_vectorized,v5,64,4096,2560,row-major/row-major,fp16,fp32,fp16,-1,0,20,50,10,473.9071846008301,474.21297311782837,473.6000061035156,2.8321522095735054,0.06763180790686452,0.0009765625,1.645504653424723e-06,0.1388888955116272,5.172528835828416e-05,0,0,,,,,,,pass
2026-09-29T05:37:10.151215+00:00,be796bb000f3c924ba08fbacdddd08ca42edb200,NVIDIA GeForce RTX 3090,8.6,595.84,12.8,2.11.0+cu128,mma_async,mma_async,v6,64,4096,2560,row-major/row-major,fp16,fp32,fp16,-1,0,20,50,10,127.38560438156128,127.58320152759552,127.26720571517944,10.536334042736437,0.25160770583309056,0.0009765625,1.645504653424723e-06,0.1388888955116272,5.172528835828416e-05,0,0,,,,,,,pass
2026-09-29T05:37:10.151215+00:00,be796bb000f3c924ba08fbacdddd08ca42edb200,NVIDIA GeForce RTX 3090,8.6,595.84,12.8,2.11.0+cu128,mma_async_compact,mma_async_compact,v6-compact,64,4096,2560,row-major/row-major,fp16,fp32,fp16,-1,0,20,50,10,50.995200872421265,51.4044788479805,50.58559775352478,26.319678264584766,0.6285140390914696,0.0009765625,1.645504653424723e-06,0.1388888955116272,5.172528835828416e-05,0,0,,,,,,,pass
2026-09-29T05:37:10.151215+00:00,be796bb000f3c924ba08fbacdddd08ca42edb200,NVIDIA GeForce RTX 3090,8.6,595.84,12.8,2.11.0+cu128,cublaslt,cublaslt,v0-reference,64,4096,2560,row-major/row-major,fp16,fp32,fp16,6,0,20,50,10,32.05119967460632,32.25168019533157,31.7440003156662,41.87603876379662,1.0,0.0009765625,1.645504653424723e-06,0.1388888955116272,5.172528835828416e-05,0,0,,,,,,,pass
2026-09-29T05:37:10.151215+00:00,be796bb000f3c924ba08fbacdddd08ca42edb200,NVIDIA GeForce RTX 3090,8.6,595.84,12.8,2.11.0+cu128,wmma_tiled,wmma_tiled,v3,64,9728,2560,row-major/row-major,fp16,fp32,fp16,-1,0,20,50,10,483.60798358917236,502.38975524902344,483.0207824707031,6.591435931934375,0.1376321368543436,0.0009765625,1.6877330608622287e-06,0.800000011920929,5.2193969168001786e-05,0,0,,,,,,,pass
2026-09-29T05:37:10.151215+00:00,be796bb000f3c924ba08fbacdddd08ca42edb200,NVIDIA GeForce RTX 3090,8.6,595.84,12.8,2.11.0+cu128,mma_ptx,mma_ptx,v4,64,9728,2560,row-major/row-major,fp16,fp32,fp16,-1,0,20,50,10,514.8544073104858,515.1700758934021,514.4576072692871,6.191402840760101,0.12927926659673855,0.0009765625,1.6877330608622287e-06,0.800000011920929,5.2193969168001786e-05,0,0,,,,,,,pass
2026-09-29T05:37:10.151215+00:00,be796bb000f3c924ba08fbacdddd08ca42edb200,NVIDIA GeForce RTX 3090,8.6,595.84,12.8,2.11.0+cu128,mma_vectorized,mma_vectorized,v5,64,9728,2560,row-major/row-major,fp16,fp32,fp16,-1,0,20,50,10,483.84480476379395,484.408323764801,483.53281021118164,6.588209708185613,0.1375647718563223,0.0009765625,1.6877330608622287e-06,0.800000011920929,5.2193969168001786e-05,0,0,,,,,,,pass
2026-09-29T05:37:10.151215+00:00,be796bb000f3c924ba08fbacdddd08ca42edb200,NVIDIA GeForce RTX 3090,8.6,595.84,12.8,2.11.0+cu128,mma_async,mma_async,v6,64,9728,2560,row-major/row-major,fp16,fp32,fp16,-1,0,20,50,10,133.32319855690002,133.52240443229675,131.24799728393555,23.909350169389743,0.49923794884647527,0.0009765625,1.6877330608622287e-06,0.800000011920929,5.2193969168001786e-05,0,0,,,,,,,pass
2026-09-29T05:37:10.151215+00:00,be796bb000f3c924ba08fbacdddd08ca42edb200,NVIDIA GeForce RTX 3090,8.6,595.84,12.8,2.11.0+cu128,mma_async_compact,mma_async_compact,v6-compact,64,9728,2560,row-major/row-major,fp16,fp32,fp16,-1,0,20,50,10,73.7280011177063,74.34832155704498,71.86880111694336,43.235554900110515,0.9027777665494483,0.0009765625,1.6877330608622287e-06,0.800000011920929,5.2193969168001786e-05,0,0,,,,,,,pass
2026-09-29T05:37:10.151215+00:00,be796bb000f3c924ba08fbacdddd08ca42edb200,NVIDIA GeForce RTX 3090,8.6,595.84,12.8,2.11.0+cu128,cublaslt,cublaslt,v0-reference,64,9728,2560,row-major/row-major,fp16,fp32,fp16,21,0,20,50,10,66.56000018119812,66.76480174064636,66.25279784202576,47.891692177315434,1.0,0.0009765625,1.6877330608622287e-06,0.800000011920929,5.2193969168001786e-05,0,0,,,,,,,pass
2026-09-29T05:37:10.151215+00:00,be796bb000f3c924ba08fbacdddd08ca42edb200,NVIDIA GeForce RTX 3090,8.6,595.84,12.8,2.11.0+cu128,wmma_tiled,wmma_tiled,v3,256,2560,4096,row-major/row-major,fp16,fp32,fp16,-1,0,20,50,10,876.1168003082275,890.6100940704346,875.6223678588867,6.127846330661881,0.09882152427019761,0.001953125,3.3053127026505535e-06,1.2516975402832031,6.420298450393602e-05,0,0,,,,,,,pass
2026-09-29T05:37:10.151215+00:00,be796bb000f3c924ba08fbacdddd08ca42edb200,NVIDIA GeForce RTX 3090,8.6,595.84,12.8,2.11.0+cu128,mma_ptx,mma_ptx,v4,256,2560,4096,row-major/row-major,fp16,fp32,fp16,-1,0,20,50,10,891.801643371582,892.2675275802612,891.4943695068359,6.020070897944118,0.09708346950097838,0.001953125,3.3053127026505535e-06,1.2516975402832031,6.420298450393602e-05,0,0,,,,,,,pass
2026-09-29T05:37:10.151215+00:00,be796bb000f3c924ba08fbacdddd08ca42edb200,NVIDIA GeForce RTX 3090,8.6,595.84,12.8,2.11.0+cu128,mma_vectorized,mma_vectorized,v5,256,2560,4096,row-major/row-major,fp16,fp32,fp16,-1,0,20,50,10,341.4016008377075,341.60640239715576,341.08479022979736,15.72549486243367,0.25359927262422133,0.001953125,3.3053127026505535e-06,1.2516975402832031,6.420298450393602e-05,0,0,,,,,,,pass
2026-09-29T05:37:10.151215+00:00,be796bb000f3c924ba08fbacdddd08ca42edb200,NVIDIA GeForce RTX 3090,8.6,595.84,12.8,2.11.0+cu128,mma_async,mma_async,v6,256,2560,4096,row-major/row-major,fp16,fp32,fp16,-1,0,20,50,10,209.08479690551758,209.39327955245972,208.6911916732788,25.67718552213073,0.4140865281769448,0.001953125,3.3053127026505535e-06,1.2516975402832031,6.420298450393602e-05,0,0,,,,,,,pass
2026-09-29T05:37:10.151215+00:00,be796bb000f3c924ba08fbacdddd08ca42edb200,NVIDIA GeForce RTX 3090,8.6,595.84,12.8,2.11.0+cu128,mma_async_compact,mma_async_compact,v6-compact,256,2560,4096,row-major/row-major,fp16,fp32,fp16,-1,0,20,50,10,103.97120118141174,110.38719415664673,97.9968011379242,51.63650182931457,0.832722875771356,0.001953125,3.3053127026505535e-06,1.2516975402832031,6.420298450393602e-05,0,0,,,,,,,pass
2026-09-29T05:37:10.151215+00:00,be796bb000f3c924ba08fbacdddd08ca42edb200,NVIDIA GeForce RTX 3090,8.6,595.84,12.8,2.11.0+cu128,cublaslt,cublaslt,v0-reference,256,2560,4096,row-major/row-major,fp16,fp32,fp16,21,0,20,50,10,86.57919764518738,86.9376003742218,84.65279936790466,62.009226997016725,1.0,0.001953125,3.3053127026505535e-06,1.2516975402832031,6.420298450393602e-05,0,0,,,,,,,pass
2026-09-29T05:37:10.151215+00:00,be796bb000f3c924ba08fbacdddd08ca42edb200,NVIDIA GeForce RTX 3090,8.6,595.84,12.8,2.11.0+cu128,wmma_tiled,wmma_tiled,v3,256,2560,9728,row-major/row-major,fp16,fp32,fp16,-1,0,20,50,10,2071.2448120117188,2074.296283721924,2070.528030395508,6.156048809901791,0.09536139708238699,0.001953125,1.197151777887484e-05,4.4285712242126465,9.878059063339606e-05,0,0,,,,,,,pass
2026-09-29T05:37:10.151215+00:00,be796bb000f3c924ba08fbacdddd08ca42edb200,NVIDIA GeForce RTX 3090,8.6,595.84,12.8,2.11.0+cu128,mma_ptx,mma_ptx,v4,256,2560,9728,row-major/row-major,fp16,fp32,fp16,-1,0,20,50,10,2100.220775604248,2100.6336212158203,2099.7119903564453,6.071116097940485,0.0940457314142398,0.001953125,1.197151777887484e-05,4.4285712242126465,9.878059063339606e-05,0,0,,,,,,,pass
2026-09-29T05:37:10.151215+00:00,be796bb000f3c924ba08fbacdddd08ca42edb200,NVIDIA GeForce RTX 3090,8.6,595.84,12.8,2.11.0+cu128,mma_vectorized,mma_vectorized,v5,256,2560,9728,row-major/row-major,fp16,fp32,fp16,-1,0,20,50,10,800.870418548584,801.2163066864014,800.3552436828613,15.921032747230246,0.24662766210174525,0.001953125,1.197151777887484e-05,4.4285712242126465,9.878059063339606e-05,0,0,,,,,,,pass
2026-09-29T05:37:10.151215+00:00,be796bb000f3c924ba08fbacdddd08ca42edb200,NVIDIA GeForce RTX 3090,8.6,595.84,12.8,2.11.0+cu128,mma_async,mma_async,v6,256,2560,9728,row-major/row-major,fp16,fp32,fp16,-1,0,20,50,10,488.2800102233887,488.9367961883545,487.7312183380127,26.113467463405982,0.4045154313868375,0.001953125,1.197151777887484e-05,4.4285712242126465,9.878059063339606e-05,0,0,,,,,,,pass
2026-09-29T05:37:10.151215+00:00,be796bb000f3c924ba08fbacdddd08ca42edb200,NVIDIA GeForce RTX 3090,8.6,595.84,12.8,2.11.0+cu128,mma_async_compact,mma_async_compact,v6-compact,256,2560,9728,row-major/row-major,fp16,fp32,fp16,-1,0,20,50,10,257.6896071434021,261.12000942230225,228.45439910888672,49.48078543541863,0.7664911331218998,0.001953125,1.197151777887484e-05,4.4285712242126465,9.878059063339606e-05,0,0,,,,,,,pass
2026-09-29T05:37:10.151215+00:00,be796bb000f3c924ba08fbacdddd08ca42edb200,NVIDIA GeForce RTX 3090,8.6,595.84,12.8,2.11.0+cu128,cublaslt,cublaslt,v0-reference,256,2560,9728,row-major/row-major,fp16,fp32,fp16,5,160,20,50,10,197.5167989730835,201.00608468055725,197.324800491333,64.55493520699267,1.0,0.00390625,0.00017780657799448818,113.30000305175781,0.0003714290796779096,0,0,,,,,,,pass
2026-09-29T05:37:10.151215+00:00,be796bb000f3c924ba08fbacdddd08ca42edb200,NVIDIA GeForce RTX 3090,8.6,595.84,12.8,2.11.0+cu128,wmma_tiled,wmma_tiled,v3,256,4096,2560,row-major/row-major,fp16,fp32,fp16,-1,0,20,50,10,541.6895866394043,568.5268807411194,540.7680034637451,9.91104361689323,0.1741011915524345,0.001953125,1.6778531062300317e-06,1.430511474609375,5.1955372327938676e-05,0,0,,,,,,,pass
2026-09-29T05:37:10.151215+00:00,be796bb000f3c924ba08fbacdddd08ca42edb200,NVIDIA GeForce RTX 3090,8.6,595.84,12.8,2.11.0+cu128,mma_ptx,mma_ptx,v4,256,4096,2560,row-major/row-major,fp16,fp32,fp16,-1,0,20,50,10,553.8672208786011,554.1888236999512,553.5744190216064,9.69313387328393,0.17027330546094369,0.001953125,1.6778531062300317e-06,1.430511474609375,5.1955372327938676e-05,0,0,,,,,,,pass
2026-09-29T05:37:10.151215+00:00,be796bb000f3c924ba08fbacdddd08ca42edb200,NVIDIA GeForce RTX 3090,8.6,595.84,12.8,2.11.0+cu128,mma_vectorized,mma_vectorized,v5,256,4096,2560,row-major/row-major,fp16,fp32,fp16,-1,0,20,50,10,220.26240825653076,220.72831869125366,219.9552059173584,24.374150643750706,0.4281656739884018,0.001953125,1.6778531062300317e-06,1.430511474609375,5.1955372327938676e-05,0,0,,,,,,,pass
2026-09-29T05:37:10.151215+00:00,be796bb000f3c924ba08fbacdddd08ca42edb200,NVIDIA GeForce RTX 3090,8.6,595.84,12.8,2.11.0+cu128,mma_async,mma_async,v6,256,4096,2560,row-major/row-major,fp16,fp32,fp16,-1,0,20,50,10,142.82240271568298,143.05280447006226,142.54080057144165,37.590105038965824,0.6603221952035554,0.001953125,1.6778531062300317e-06,1.430511474609375,5.1955372327938676e-05,0,0,,,,,,,pass
2026-09-29T05:37:10.151215+00:00,be796bb000f3c924ba08fbacdddd08ca42edb200,NVIDIA GeForce RTX 3090,8.6,595.84,12.8,2.11.0+cu128,mma_async_compact,mma_async_compact,v6-compact,256,4096,2560,row-major/row-major,fp16,fp32,fp16,-1,0,20,50,10,117.39680171012878,128.50480198860168,113.56159448623657,45.731306490411804,0.803333660812407,0.001953125,1.6778531062300317e-06,1.430511474609375,5.1955372327938676e-05,0,0,,,,,,,pass
2026-09-29T05:37:10.151215+00:00,be796bb000f3c924ba08fbacdddd08ca42edb200,NVIDIA GeForce RTX 3090,8.6,595.84,12.8,2.11.0+cu128,cublaslt,cublaslt,v0-reference,256,4096,2560,row-major/row-major,fp16,fp32,fp16,5,256,20,50,10,94.308802485466,95.14415830373764,94.10560131072998,56.92691433365805,1.0,0.001953125,0.00012041280569974333,279.4861755371094,0.0004405602812767029,0,0,,,,,,,pass
2026-09-29T05:37:10.151215+00:00,be796bb000f3c924ba08fbacdddd08ca42edb200,NVIDIA GeForce RTX 3090,8.6,595.84,12.8,2.11.0+cu128,wmma_tiled,wmma_tiled,v3,256,9728,2560,row-major/row-major,fp16,fp32,fp16,-1,0,20,50,10,561.8688106536865,592.5990223884583,561.0496044158936,22.693347482957215,0.3697831318593702,0.0009765625,1.6005744782887632e-06,1.399999976158142,5.083154610474594e-05,0,0,,,,,,,pass
2026-09-29T05:37:10.151215+00:00,be796bb000f3c924ba08fbacdddd08ca42edb200,NVIDIA GeForce RTX 3090,8.6,595.84,12.8,2.11.0+cu128,mma_ptx,mma_ptx,v4,256,9728,2560,row-major/row-major,fp16,fp32,fp16,-1,0,20,50,10,585.0896120071411,587.0131206512451,584.3967914581299,21.79270302930003,0.3551073275508501,0.0009765625,1.6005744782887632e-06,1.399999976158142,5.083154610474594e-05,0,0,,,,,,,pass
2026-09-29T05:37:10.151215+00:00,be796bb000f3c924ba08fbacdddd08ca42edb200,NVIDIA GeForce RTX 3090,8.6,595.84,12.8,2.11.0+cu128,mma_vectorized,mma_vectorized,v5,256,9728,2560,row-major/row-major,fp16,fp32,fp16,-1,0,20,50,10,238.13120126724243,247.8643238544464,236.13440990447998,53.544785782567665,0.8725005685603143,0.0009765625,1.6005744782887632e-06,1.399999976158142,5.083154610474594e-05,0,0,,,,,,,pass
2026-09-29T05:37:10.151215+00:00,be796bb000f3c924ba08fbacdddd08ca42edb200,NVIDIA GeForce RTX 3090,8.6,595.84,12.8,2.11.0+cu128,mma_async,mma_async,v6,256,9728,2560,row-major/row-major,fp16,fp32,fp16,-1,0,20,50,10,248.88160228729248,249.50271248817444,242.5856113433838,51.231927321335114,0.8348130459951962,0.0009765625,1.6005744782887632e-06,1.399999976158142,5.083154610474594e-05,0,0,,,,,,,pass
2026-09-29T05:37:10.151215+00:00,be796bb000f3c924ba08fbacdddd08ca42edb200,NVIDIA GeForce RTX 3090,8.6,595.84,12.8,2.11.0+cu128,mma_async_compact,mma_async_compact,v6-compact,256,9728,2560,row-major/row-major,fp16,fp32,fp16,-1,0,20,50,10,290.8671975135803,294.55519437789917,255.7663917541504,43.83678967238884,0.7143108960848674,0.0009765625,1.6005744782887632e-06,1.399999976158142,5.083154610474594e-05,0,0,,,,,,,pass
2026-09-29T05:37:10.151215+00:00,be796bb000f3c924ba08fbacdddd08ca42edb200,NVIDIA GeForce RTX 3090,8.6,595.84,12.8,2.11.0+cu128,cublaslt,cublaslt,v0-reference,256,9728,2560,row-major/row-major,fp16,fp32,fp16,6,0,20,50,10,207.76960849761963,234.39359664916992,202.34239101409912,61.3693419947224,1.0,0.0009765625,1.6005744782887632e-06,1.399999976158142,5.083154610474594e-05,0,0,,,,,,,pass
