M,N,K,provider,custom_median_us,cublaslt_median_us,performance_percent,custom_variation,cublaslt_variation
2,2560,4096,mma_async_compact,79.46239709854126,40.75520038604736,51.28866215237235,0.007731942910284139,0.021906445664757808
2,2560,9728,mma_async_compact,183.28480124473572,67.89119839668274,37.041368370762655,0.004356052716208575,0.009238337374946807
2,4096,2560,mma_async_compact,51.50719881057739,30.515199899673462,59.24453397649522,0.011928520527863648,0.019924501928958917
2,9728,2560,mma_async_compact,68.91520023345947,63.58560025691986,92.26643765310864,0.008938508493129074,0.0048061503426145005
8,2560,4096,mma_async_compact,79.7679990530014,40.140798687934875,50.32193256002767,0.00808348027824717,0.012595685342144865
8,2560,9728,mma_async_compact,183.80159735679626,68.71039867401123,37.382917048664375,0.003525528969599982,0.017301598620088045
8,4096,2560,mma_async_compact,51.788800954818726,30.617600679397583,59.120118857566915,0.009886267469347322,0.016722437651128207
8,9728,2560,mma_async_compact,69.15680170059204,63.69280219078064,92.09911480078665,0.004118176758181323,0.007084021819824087
16,2560,4096,mma_async_compact,80.35999834537506,40.39520025253296,50.267796272121025,0.01025383857888461,0.014536408157363154
16,2560,9728,mma_async_compact,184.0928018093109,68.57919991016388,37.25251570737696,0.005006144116067894,0.016424843363241313
16,4096,2560,mma_async_compact,52.12159752845764,30.929599702358246,59.34123505226625,0.011849204870734958,0.013242982211406228
16,9728,2560,mma_async_compact,70.09280025959015,65.1968002319336,93.01497442030549,0.008080702944453013,0.013104980267334466
64,2560,4096,mma_async_compact,76.4816015958786,33.99679958820343,44.450951442987865,0.012154557187405494,0.0391566621517742
64,2560,9728,mma_async_compact,173.46559762954712,69.70880031585693,40.1859511444609,0.009601858906689683,0.0051414273005770915
64,4096,2560,mma_async_compact,50.995200872421265,32.05119967460632,62.85140390914697,0.022025521370568315,0.01896965372392348
64,9728,2560,mma_async_compact,72.70399928092957,66.56000018119812,91.5492969293327,0.026056372726447685,0.011081798330156538
256,2560,4096,mma_async_compact,103.98720502853394,86.01599931716919,82.71786831232413,0.05480673739169392,0.008928570191163662
256,2560,9728,mma_async_compact,257.6896071434021,197.5167989730835,76.64911331218998,0.02384263443077998,0.02286791949500601
256,4096,2560,mma_async_compact,120.06880044937134,94.308802485466,78.5456356126691,0.026411520297502974,0.012758058729617454
256,9728,2560,mma_async_compact,288.2528066635132,204.68480587005615,71.00878157588639,0.04209637078761069,0.02201243246586558
