phase,batch,prompt_length,module,M,N,K,input_shape,calls
prefill,1,128,model.layers.0.self_attn.q_proj,128,4096,2560,"[1, 128, 2560]",1
prefill,1,128,model.layers.0.self_attn.o_proj,128,2560,4096,"[1, 128, 4096]",1
prefill,1,128,model.layers.0.mlp.gate_proj,128,9728,2560,"[1, 128, 2560]",1
prefill,1,128,model.layers.0.mlp.down_proj,128,2560,9728,"[1, 128, 9728]",1
prefill,1,128,model.layers.1.self_attn.q_proj,128,4096,2560,"[1, 128, 2560]",1
prefill,1,128,model.layers.1.self_attn.o_proj,128,2560,4096,"[1, 128, 4096]",1
prefill,1,128,model.layers.1.mlp.gate_proj,128,9728,2560,"[1, 128, 2560]",1
prefill,1,128,model.layers.1.mlp.down_proj,128,2560,9728,"[1, 128, 9728]",1
prefill,1,128,model.layers.2.self_attn.q_proj,128,4096,2560,"[1, 128, 2560]",1
prefill,1,128,model.layers.2.self_attn.o_proj,128,2560,4096,"[1, 128, 4096]",1
prefill,1,128,model.layers.2.mlp.gate_proj,128,9728,2560,"[1, 128, 2560]",1
prefill,1,128,model.layers.2.mlp.down_proj,128,2560,9728,"[1, 128, 9728]",1
prefill,1,128,model.layers.3.self_attn.q_proj,128,4096,2560,"[1, 128, 2560]",1
prefill,1,128,model.layers.3.self_attn.o_proj,128,2560,4096,"[1, 128, 4096]",1
prefill,1,128,model.layers.3.mlp.gate_proj,128,9728,2560,"[1, 128, 2560]",1
prefill,1,128,model.layers.3.mlp.down_proj,128,2560,9728,"[1, 128, 9728]",1
prefill,1,128,model.layers.4.self_attn.q_proj,128,4096,2560,"[1, 128, 2560]",1
prefill,1,128,model.layers.4.self_attn.o_proj,128,2560,4096,"[1, 128, 4096]",1
prefill,1,128,model.layers.4.mlp.gate_proj,128,9728,2560,"[1, 128, 2560]",1
prefill,1,128,model.layers.4.mlp.down_proj,128,2560,9728,"[1, 128, 9728]",1
prefill,1,128,model.layers.5.self_attn.q_proj,128,4096,2560,"[1, 128, 2560]",1
prefill,1,128,model.layers.5.self_attn.o_proj,128,2560,4096,"[1, 128, 4096]",1
prefill,1,128,model.layers.5.mlp.gate_proj,128,9728,2560,"[1, 128, 2560]",1
prefill,1,128,model.layers.5.mlp.down_proj,128,2560,9728,"[1, 128, 9728]",1
prefill,1,128,model.layers.6.self_attn.q_proj,128,4096,2560,"[1, 128, 2560]",1
prefill,1,128,model.layers.6.self_attn.o_proj,128,2560,4096,"[1, 128, 4096]",1
prefill,1,128,model.layers.6.mlp.gate_proj,128,9728,2560,"[1, 128, 2560]",1
prefill,1,128,model.layers.6.mlp.down_proj,128,2560,9728,"[1, 128, 9728]",1
prefill,1,128,model.layers.7.self_attn.q_proj,128,4096,2560,"[1, 128, 2560]",1
prefill,1,128,model.layers.7.self_attn.o_proj,128,2560,4096,"[1, 128, 4096]",1
prefill,1,128,model.layers.7.mlp.gate_proj,128,9728,2560,"[1, 128, 2560]",1
prefill,1,128,model.layers.7.mlp.down_proj,128,2560,9728,"[1, 128, 9728]",1
prefill,1,128,model.layers.8.self_attn.q_proj,128,4096,2560,"[1, 128, 2560]",1
prefill,1,128,model.layers.8.self_attn.o_proj,128,2560,4096,"[1, 128, 4096]",1
prefill,1,128,model.layers.8.mlp.gate_proj,128,9728,2560,"[1, 128, 2560]",1
prefill,1,128,model.layers.8.mlp.down_proj,128,2560,9728,"[1, 128, 9728]",1
prefill,1,128,model.layers.9.self_attn.q_proj,128,4096,2560,"[1, 128, 2560]",1
prefill,1,128,model.layers.9.self_attn.o_proj,128,2560,4096,"[1, 128, 4096]",1
prefill,1,128,model.layers.9.mlp.gate_proj,128,9728,2560,"[1, 128, 2560]",1
prefill,1,128,model.layers.9.mlp.down_proj,128,2560,9728,"[1, 128, 9728]",1
prefill,1,128,model.layers.10.self_attn.q_proj,128,4096,2560,"[1, 128, 2560]",1
prefill,1,128,model.layers.10.self_attn.o_proj,128,2560,4096,"[1, 128, 4096]",1
prefill,1,128,model.layers.10.mlp.gate_proj,128,9728,2560,"[1, 128, 2560]",1
prefill,1,128,model.layers.10.mlp.down_proj,128,2560,9728,"[1, 128, 9728]",1
prefill,1,128,model.layers.11.self_attn.q_proj,128,4096,2560,"[1, 128, 2560]",1
prefill,1,128,model.layers.11.self_attn.o_proj,128,2560,4096,"[1, 128, 4096]",1
prefill,1,128,model.layers.11.mlp.gate_proj,128,9728,2560,"[1, 128, 2560]",1
prefill,1,128,model.layers.11.mlp.down_proj,128,2560,9728,"[1, 128, 9728]",1
prefill,1,128,model.layers.12.self_attn.q_proj,128,4096,2560,"[1, 128, 2560]",1
prefill,1,128,model.layers.12.self_attn.o_proj,128,2560,4096,"[1, 128, 4096]",1
prefill,1,128,model.layers.12.mlp.gate_proj,128,9728,2560,"[1, 128, 2560]",1
prefill,1,128,model.layers.12.mlp.down_proj,128,2560,9728,"[1, 128, 9728]",1
prefill,1,128,model.layers.13.self_attn.q_proj,128,4096,2560,"[1, 128, 2560]",1
prefill,1,128,model.layers.13.self_attn.o_proj,128,2560,4096,"[1, 128, 4096]",1
prefill,1,128,model.layers.13.mlp.gate_proj,128,9728,2560,"[1, 128, 2560]",1
prefill,1,128,model.layers.13.mlp.down_proj,128,2560,9728,"[1, 128, 9728]",1
prefill,1,128,model.layers.14.self_attn.q_proj,128,4096,2560,"[1, 128, 2560]",1
prefill,1,128,model.layers.14.self_attn.o_proj,128,2560,4096,"[1, 128, 4096]",1
prefill,1,128,model.layers.14.mlp.gate_proj,128,9728,2560,"[1, 128, 2560]",1
prefill,1,128,model.layers.14.mlp.down_proj,128,2560,9728,"[1, 128, 9728]",1
prefill,1,128,model.layers.15.self_attn.q_proj,128,4096,2560,"[1, 128, 2560]",1
prefill,1,128,model.layers.15.self_attn.o_proj,128,2560,4096,"[1, 128, 4096]",1
prefill,1,128,model.layers.15.mlp.gate_proj,128,9728,2560,"[1, 128, 2560]",1
prefill,1,128,model.layers.15.mlp.down_proj,128,2560,9728,"[1, 128, 9728]",1
prefill,1,128,model.layers.16.self_attn.q_proj,128,4096,2560,"[1, 128, 2560]",1
prefill,1,128,model.layers.16.self_attn.o_proj,128,2560,4096,"[1, 128, 4096]",1
prefill,1,128,model.layers.16.mlp.gate_proj,128,9728,2560,"[1, 128, 2560]",1
prefill,1,128,model.layers.16.mlp.down_proj,128,2560,9728,"[1, 128, 9728]",1
prefill,1,128,model.layers.17.self_attn.q_proj,128,4096,2560,"[1, 128, 2560]",1
prefill,1,128,model.layers.17.self_attn.o_proj,128,2560,4096,"[1, 128, 4096]",1
prefill,1,128,model.layers.17.mlp.gate_proj,128,9728,2560,"[1, 128, 2560]",1
prefill,1,128,model.layers.17.mlp.down_proj,128,2560,9728,"[1, 128, 9728]",1
prefill,1,128,model.layers.18.self_attn.q_proj,128,4096,2560,"[1, 128, 2560]",1
prefill,1,128,model.layers.18.self_attn.o_proj,128,2560,4096,"[1, 128, 4096]",1
prefill,1,128,model.layers.18.mlp.gate_proj,128,9728,2560,"[1, 128, 2560]",1
prefill,1,128,model.layers.18.mlp.down_proj,128,2560,9728,"[1, 128, 9728]",1
prefill,1,128,model.layers.19.self_attn.q_proj,128,4096,2560,"[1, 128, 2560]",1
prefill,1,128,model.layers.19.self_attn.o_proj,128,2560,4096,"[1, 128, 4096]",1
prefill,1,128,model.layers.19.mlp.gate_proj,128,9728,2560,"[1, 128, 2560]",1
prefill,1,128,model.layers.19.mlp.down_proj,128,2560,9728,"[1, 128, 9728]",1
prefill,1,128,model.layers.20.self_attn.q_proj,128,4096,2560,"[1, 128, 2560]",1
prefill,1,128,model.layers.20.self_attn.o_proj,128,2560,4096,"[1, 128, 4096]",1
prefill,1,128,model.layers.20.mlp.gate_proj,128,9728,2560,"[1, 128, 2560]",1
prefill,1,128,model.layers.20.mlp.down_proj,128,2560,9728,"[1, 128, 9728]",1
prefill,1,128,model.layers.21.self_attn.q_proj,128,4096,2560,"[1, 128, 2560]",1
prefill,1,128,model.layers.21.self_attn.o_proj,128,2560,4096,"[1, 128, 4096]",1
prefill,1,128,model.layers.21.mlp.gate_proj,128,9728,2560,"[1, 128, 2560]",1
prefill,1,128,model.layers.21.mlp.down_proj,128,2560,9728,"[1, 128, 9728]",1
prefill,1,128,model.layers.22.self_attn.q_proj,128,4096,2560,"[1, 128, 2560]",1
prefill,1,128,model.layers.22.self_attn.o_proj,128,2560,4096,"[1, 128, 4096]",1
prefill,1,128,model.layers.22.mlp.gate_proj,128,9728,2560,"[1, 128, 2560]",1
prefill,1,128,model.layers.22.mlp.down_proj,128,2560,9728,"[1, 128, 9728]",1
prefill,1,128,model.layers.23.self_attn.q_proj,128,4096,2560,"[1, 128, 2560]",1
prefill,1,128,model.layers.23.self_attn.o_proj,128,2560,4096,"[1, 128, 4096]",1
prefill,1,128,model.layers.23.mlp.gate_proj,128,9728,2560,"[1, 128, 2560]",1
prefill,1,128,model.layers.23.mlp.down_proj,128,2560,9728,"[1, 128, 9728]",1
prefill,1,128,model.layers.24.self_attn.q_proj,128,4096,2560,"[1, 128, 2560]",1
prefill,1,128,model.layers.24.self_attn.o_proj,128,2560,4096,"[1, 128, 4096]",1
prefill,1,128,model.layers.24.mlp.gate_proj,128,9728,2560,"[1, 128, 2560]",1
prefill,1,128,model.layers.24.mlp.down_proj,128,2560,9728,"[1, 128, 9728]",1
prefill,1,128,model.layers.25.self_attn.q_proj,128,4096,2560,"[1, 128, 2560]",1
prefill,1,128,model.layers.25.self_attn.o_proj,128,2560,4096,"[1, 128, 4096]",1
prefill,1,128,model.layers.25.mlp.gate_proj,128,9728,2560,"[1, 128, 2560]",1
prefill,1,128,model.layers.25.mlp.down_proj,128,2560,9728,"[1, 128, 9728]",1
prefill,1,128,model.layers.26.self_attn.q_proj,128,4096,2560,"[1, 128, 2560]",1
prefill,1,128,model.layers.26.self_attn.o_proj,128,2560,4096,"[1, 128, 4096]",1
prefill,1,128,model.layers.26.mlp.gate_proj,128,9728,2560,"[1, 128, 2560]",1
prefill,1,128,model.layers.26.mlp.down_proj,128,2560,9728,"[1, 128, 9728]",1
prefill,1,128,model.layers.27.self_attn.q_proj,128,4096,2560,"[1, 128, 2560]",1
prefill,1,128,model.layers.27.self_attn.o_proj,128,2560,4096,"[1, 128, 4096]",1
prefill,1,128,model.layers.27.mlp.gate_proj,128,9728,2560,"[1, 128, 2560]",1
prefill,1,128,model.layers.27.mlp.down_proj,128,2560,9728,"[1, 128, 9728]",1
prefill,1,128,model.layers.28.self_attn.q_proj,128,4096,2560,"[1, 128, 2560]",1
prefill,1,128,model.layers.28.self_attn.o_proj,128,2560,4096,"[1, 128, 4096]",1
prefill,1,128,model.layers.28.mlp.gate_proj,128,9728,2560,"[1, 128, 2560]",1
prefill,1,128,model.layers.28.mlp.down_proj,128,2560,9728,"[1, 128, 9728]",1
prefill,1,128,model.layers.29.self_attn.q_proj,128,4096,2560,"[1, 128, 2560]",1
prefill,1,128,model.layers.29.self_attn.o_proj,128,2560,4096,"[1, 128, 4096]",1
prefill,1,128,model.layers.29.mlp.gate_proj,128,9728,2560,"[1, 128, 2560]",1
prefill,1,128,model.layers.29.mlp.down_proj,128,2560,9728,"[1, 128, 9728]",1
prefill,1,128,model.layers.30.self_attn.q_proj,128,4096,2560,"[1, 128, 2560]",1
prefill,1,128,model.layers.30.self_attn.o_proj,128,2560,4096,"[1, 128, 4096]",1
prefill,1,128,model.layers.30.mlp.gate_proj,128,9728,2560,"[1, 128, 2560]",1
prefill,1,128,model.layers.30.mlp.down_proj,128,2560,9728,"[1, 128, 9728]",1
prefill,1,128,model.layers.31.self_attn.q_proj,128,4096,2560,"[1, 128, 2560]",1
prefill,1,128,model.layers.31.self_attn.o_proj,128,2560,4096,"[1, 128, 4096]",1
prefill,1,128,model.layers.31.mlp.gate_proj,128,9728,2560,"[1, 128, 2560]",1
prefill,1,128,model.layers.31.mlp.down_proj,128,2560,9728,"[1, 128, 9728]",1
prefill,1,128,model.layers.32.self_attn.q_proj,128,4096,2560,"[1, 128, 2560]",1
prefill,1,128,model.layers.32.self_attn.o_proj,128,2560,4096,"[1, 128, 4096]",1
prefill,1,128,model.layers.32.mlp.gate_proj,128,9728,2560,"[1, 128, 2560]",1
prefill,1,128,model.layers.32.mlp.down_proj,128,2560,9728,"[1, 128, 9728]",1
prefill,1,128,model.layers.33.self_attn.q_proj,128,4096,2560,"[1, 128, 2560]",1
prefill,1,128,model.layers.33.self_attn.o_proj,128,2560,4096,"[1, 128, 4096]",1
prefill,1,128,model.layers.33.mlp.gate_proj,128,9728,2560,"[1, 128, 2560]",1
prefill,1,128,model.layers.33.mlp.down_proj,128,2560,9728,"[1, 128, 9728]",1
prefill,1,128,model.layers.34.self_attn.q_proj,128,4096,2560,"[1, 128, 2560]",1
prefill,1,128,model.layers.34.self_attn.o_proj,128,2560,4096,"[1, 128, 4096]",1
prefill,1,128,model.layers.34.mlp.gate_proj,128,9728,2560,"[1, 128, 2560]",1
prefill,1,128,model.layers.34.mlp.down_proj,128,2560,9728,"[1, 128, 9728]",1
prefill,1,128,model.layers.35.self_attn.q_proj,128,4096,2560,"[1, 128, 2560]",1
prefill,1,128,model.layers.35.self_attn.o_proj,128,2560,4096,"[1, 128, 4096]",1
prefill,1,128,model.layers.35.mlp.gate_proj,128,9728,2560,"[1, 128, 2560]",1
prefill,1,128,model.layers.35.mlp.down_proj,128,2560,9728,"[1, 128, 9728]",1
decode,1,128,model.layers.0.self_attn.q_proj,1,4096,2560,"[1, 1, 2560]",1
decode,1,128,model.layers.0.self_attn.o_proj,1,2560,4096,"[1, 1, 4096]",1
decode,1,128,model.layers.0.mlp.gate_proj,1,9728,2560,"[1, 1, 2560]",1
decode,1,128,model.layers.0.mlp.down_proj,1,2560,9728,"[1, 1, 9728]",1
decode,1,128,model.layers.1.self_attn.q_proj,1,4096,2560,"[1, 1, 2560]",1
decode,1,128,model.layers.1.self_attn.o_proj,1,2560,4096,"[1, 1, 4096]",1
decode,1,128,model.layers.1.mlp.gate_proj,1,9728,2560,"[1, 1, 2560]",1
decode,1,128,model.layers.1.mlp.down_proj,1,2560,9728,"[1, 1, 9728]",1
decode,1,128,model.layers.2.self_attn.q_proj,1,4096,2560,"[1, 1, 2560]",1
decode,1,128,model.layers.2.self_attn.o_proj,1,2560,4096,"[1, 1, 4096]",1
decode,1,128,model.layers.2.mlp.gate_proj,1,9728,2560,"[1, 1, 2560]",1
decode,1,128,model.layers.2.mlp.down_proj,1,2560,9728,"[1, 1, 9728]",1
decode,1,128,model.layers.3.self_attn.q_proj,1,4096,2560,"[1, 1, 2560]",1
decode,1,128,model.layers.3.self_attn.o_proj,1,2560,4096,"[1, 1, 4096]",1
decode,1,128,model.layers.3.mlp.gate_proj,1,9728,2560,"[1, 1, 2560]",1
decode,1,128,model.layers.3.mlp.down_proj,1,2560,9728,"[1, 1, 9728]",1
decode,1,128,model.layers.4.self_attn.q_proj,1,4096,2560,"[1, 1, 2560]",1
decode,1,128,model.layers.4.self_attn.o_proj,1,2560,4096,"[1, 1, 4096]",1
decode,1,128,model.layers.4.mlp.gate_proj,1,9728,2560,"[1, 1, 2560]",1
decode,1,128,model.layers.4.mlp.down_proj,1,2560,9728,"[1, 1, 9728]",1
decode,1,128,model.layers.5.self_attn.q_proj,1,4096,2560,"[1, 1, 2560]",1
decode,1,128,model.layers.5.self_attn.o_proj,1,2560,4096,"[1, 1, 4096]",1
decode,1,128,model.layers.5.mlp.gate_proj,1,9728,2560,"[1, 1, 2560]",1
decode,1,128,model.layers.5.mlp.down_proj,1,2560,9728,"[1, 1, 9728]",1
decode,1,128,model.layers.6.self_attn.q_proj,1,4096,2560,"[1, 1, 2560]",1
decode,1,128,model.layers.6.self_attn.o_proj,1,2560,4096,"[1, 1, 4096]",1
decode,1,128,model.layers.6.mlp.gate_proj,1,9728,2560,"[1, 1, 2560]",1
decode,1,128,model.layers.6.mlp.down_proj,1,2560,9728,"[1, 1, 9728]",1
decode,1,128,model.layers.7.self_attn.q_proj,1,4096,2560,"[1, 1, 2560]",1
decode,1,128,model.layers.7.self_attn.o_proj,1,2560,4096,"[1, 1, 4096]",1
decode,1,128,model.layers.7.mlp.gate_proj,1,9728,2560,"[1, 1, 2560]",1
decode,1,128,model.layers.7.mlp.down_proj,1,2560,9728,"[1, 1, 9728]",1
decode,1,128,model.layers.8.self_attn.q_proj,1,4096,2560,"[1, 1, 2560]",1
decode,1,128,model.layers.8.self_attn.o_proj,1,2560,4096,"[1, 1, 4096]",1
decode,1,128,model.layers.8.mlp.gate_proj,1,9728,2560,"[1, 1, 2560]",1
decode,1,128,model.layers.8.mlp.down_proj,1,2560,9728,"[1, 1, 9728]",1
decode,1,128,model.layers.9.self_attn.q_proj,1,4096,2560,"[1, 1, 2560]",1
decode,1,128,model.layers.9.self_attn.o_proj,1,2560,4096,"[1, 1, 4096]",1
decode,1,128,model.layers.9.mlp.gate_proj,1,9728,2560,"[1, 1, 2560]",1
decode,1,128,model.layers.9.mlp.down_proj,1,2560,9728,"[1, 1, 9728]",1
decode,1,128,model.layers.10.self_attn.q_proj,1,4096,2560,"[1, 1, 2560]",1
decode,1,128,model.layers.10.self_attn.o_proj,1,2560,4096,"[1, 1, 4096]",1
decode,1,128,model.layers.10.mlp.gate_proj,1,9728,2560,"[1, 1, 2560]",1
decode,1,128,model.layers.10.mlp.down_proj,1,2560,9728,"[1, 1, 9728]",1
decode,1,128,model.layers.11.self_attn.q_proj,1,4096,2560,"[1, 1, 2560]",1
decode,1,128,model.layers.11.self_attn.o_proj,1,2560,4096,"[1, 1, 4096]",1
decode,1,128,model.layers.11.mlp.gate_proj,1,9728,2560,"[1, 1, 2560]",1
decode,1,128,model.layers.11.mlp.down_proj,1,2560,9728,"[1, 1, 9728]",1
decode,1,128,model.layers.12.self_attn.q_proj,1,4096,2560,"[1, 1, 2560]",1
decode,1,128,model.layers.12.self_attn.o_proj,1,2560,4096,"[1, 1, 4096]",1
decode,1,128,model.layers.12.mlp.gate_proj,1,9728,2560,"[1, 1, 2560]",1
decode,1,128,model.layers.12.mlp.down_proj,1,2560,9728,"[1, 1, 9728]",1
decode,1,128,model.layers.13.self_attn.q_proj,1,4096,2560,"[1, 1, 2560]",1
decode,1,128,model.layers.13.self_attn.o_proj,1,2560,4096,"[1, 1, 4096]",1
decode,1,128,model.layers.13.mlp.gate_proj,1,9728,2560,"[1, 1, 2560]",1
decode,1,128,model.layers.13.mlp.down_proj,1,2560,9728,"[1, 1, 9728]",1
decode,1,128,model.layers.14.self_attn.q_proj,1,4096,2560,"[1, 1, 2560]",1
decode,1,128,model.layers.14.self_attn.o_proj,1,2560,4096,"[1, 1, 4096]",1
decode,1,128,model.layers.14.mlp.gate_proj,1,9728,2560,"[1, 1, 2560]",1
decode,1,128,model.layers.14.mlp.down_proj,1,2560,9728,"[1, 1, 9728]",1
decode,1,128,model.layers.15.self_attn.q_proj,1,4096,2560,"[1, 1, 2560]",1
decode,1,128,model.layers.15.self_attn.o_proj,1,2560,4096,"[1, 1, 4096]",1
decode,1,128,model.layers.15.mlp.gate_proj,1,9728,2560,"[1, 1, 2560]",1
decode,1,128,model.layers.15.mlp.down_proj,1,2560,9728,"[1, 1, 9728]",1
decode,1,128,model.layers.16.self_attn.q_proj,1,4096,2560,"[1, 1, 2560]",1
decode,1,128,model.layers.16.self_attn.o_proj,1,2560,4096,"[1, 1, 4096]",1
decode,1,128,model.layers.16.mlp.gate_proj,1,9728,2560,"[1, 1, 2560]",1
decode,1,128,model.layers.16.mlp.down_proj,1,2560,9728,"[1, 1, 9728]",1
decode,1,128,model.layers.17.self_attn.q_proj,1,4096,2560,"[1, 1, 2560]",1
decode,1,128,model.layers.17.self_attn.o_proj,1,2560,4096,"[1, 1, 4096]",1
decode,1,128,model.layers.17.mlp.gate_proj,1,9728,2560,"[1, 1, 2560]",1
decode,1,128,model.layers.17.mlp.down_proj,1,2560,9728,"[1, 1, 9728]",1
decode,1,128,model.layers.18.self_attn.q_proj,1,4096,2560,"[1, 1, 2560]",1
decode,1,128,model.layers.18.self_attn.o_proj,1,2560,4096,"[1, 1, 4096]",1
decode,1,128,model.layers.18.mlp.gate_proj,1,9728,2560,"[1, 1, 2560]",1
decode,1,128,model.layers.18.mlp.down_proj,1,2560,9728,"[1, 1, 9728]",1
decode,1,128,model.layers.19.self_attn.q_proj,1,4096,2560,"[1, 1, 2560]",1
decode,1,128,model.layers.19.self_attn.o_proj,1,2560,4096,"[1, 1, 4096]",1
decode,1,128,model.layers.19.mlp.gate_proj,1,9728,2560,"[1, 1, 2560]",1
decode,1,128,model.layers.19.mlp.down_proj,1,2560,9728,"[1, 1, 9728]",1
decode,1,128,model.layers.20.self_attn.q_proj,1,4096,2560,"[1, 1, 2560]",1
decode,1,128,model.layers.20.self_attn.o_proj,1,2560,4096,"[1, 1, 4096]",1
decode,1,128,model.layers.20.mlp.gate_proj,1,9728,2560,"[1, 1, 2560]",1
decode,1,128,model.layers.20.mlp.down_proj,1,2560,9728,"[1, 1, 9728]",1
decode,1,128,model.layers.21.self_attn.q_proj,1,4096,2560,"[1, 1, 2560]",1
decode,1,128,model.layers.21.self_attn.o_proj,1,2560,4096,"[1, 1, 4096]",1
decode,1,128,model.layers.21.mlp.gate_proj,1,9728,2560,"[1, 1, 2560]",1
decode,1,128,model.layers.21.mlp.down_proj,1,2560,9728,"[1, 1, 9728]",1
decode,1,128,model.layers.22.self_attn.q_proj,1,4096,2560,"[1, 1, 2560]",1
decode,1,128,model.layers.22.self_attn.o_proj,1,2560,4096,"[1, 1, 4096]",1
decode,1,128,model.layers.22.mlp.gate_proj,1,9728,2560,"[1, 1, 2560]",1
decode,1,128,model.layers.22.mlp.down_proj,1,2560,9728,"[1, 1, 9728]",1
decode,1,128,model.layers.23.self_attn.q_proj,1,4096,2560,"[1, 1, 2560]",1
decode,1,128,model.layers.23.self_attn.o_proj,1,2560,4096,"[1, 1, 4096]",1
decode,1,128,model.layers.23.mlp.gate_proj,1,9728,2560,"[1, 1, 2560]",1
decode,1,128,model.layers.23.mlp.down_proj,1,2560,9728,"[1, 1, 9728]",1
decode,1,128,model.layers.24.self_attn.q_proj,1,4096,2560,"[1, 1, 2560]",1
decode,1,128,model.layers.24.self_attn.o_proj,1,2560,4096,"[1, 1, 4096]",1
decode,1,128,model.layers.24.mlp.gate_proj,1,9728,2560,"[1, 1, 2560]",1
decode,1,128,model.layers.24.mlp.down_proj,1,2560,9728,"[1, 1, 9728]",1
decode,1,128,model.layers.25.self_attn.q_proj,1,4096,2560,"[1, 1, 2560]",1
decode,1,128,model.layers.25.self_attn.o_proj,1,2560,4096,"[1, 1, 4096]",1
decode,1,128,model.layers.25.mlp.gate_proj,1,9728,2560,"[1, 1, 2560]",1
decode,1,128,model.layers.25.mlp.down_proj,1,2560,9728,"[1, 1, 9728]",1
decode,1,128,model.layers.26.self_attn.q_proj,1,4096,2560,"[1, 1, 2560]",1
decode,1,128,model.layers.26.self_attn.o_proj,1,2560,4096,"[1, 1, 4096]",1
decode,1,128,model.layers.26.mlp.gate_proj,1,9728,2560,"[1, 1, 2560]",1
decode,1,128,model.layers.26.mlp.down_proj,1,2560,9728,"[1, 1, 9728]",1
decode,1,128,model.layers.27.self_attn.q_proj,1,4096,2560,"[1, 1, 2560]",1
decode,1,128,model.layers.27.self_attn.o_proj,1,2560,4096,"[1, 1, 4096]",1
decode,1,128,model.layers.27.mlp.gate_proj,1,9728,2560,"[1, 1, 2560]",1
decode,1,128,model.layers.27.mlp.down_proj,1,2560,9728,"[1, 1, 9728]",1
decode,1,128,model.layers.28.self_attn.q_proj,1,4096,2560,"[1, 1, 2560]",1
decode,1,128,model.layers.28.self_attn.o_proj,1,2560,4096,"[1, 1, 4096]",1
decode,1,128,model.layers.28.mlp.gate_proj,1,9728,2560,"[1, 1, 2560]",1
decode,1,128,model.layers.28.mlp.down_proj,1,2560,9728,"[1, 1, 9728]",1
decode,1,128,model.layers.29.self_attn.q_proj,1,4096,2560,"[1, 1, 2560]",1
decode,1,128,model.layers.29.self_attn.o_proj,1,2560,4096,"[1, 1, 4096]",1
decode,1,128,model.layers.29.mlp.gate_proj,1,9728,2560,"[1, 1, 2560]",1
decode,1,128,model.layers.29.mlp.down_proj,1,2560,9728,"[1, 1, 9728]",1
decode,1,128,model.layers.30.self_attn.q_proj,1,4096,2560,"[1, 1, 2560]",1
decode,1,128,model.layers.30.self_attn.o_proj,1,2560,4096,"[1, 1, 4096]",1
decode,1,128,model.layers.30.mlp.gate_proj,1,9728,2560,"[1, 1, 2560]",1
decode,1,128,model.layers.30.mlp.down_proj,1,2560,9728,"[1, 1, 9728]",1
decode,1,128,model.layers.31.self_attn.q_proj,1,4096,2560,"[1, 1, 2560]",1
decode,1,128,model.layers.31.self_attn.o_proj,1,2560,4096,"[1, 1, 4096]",1
decode,1,128,model.layers.31.mlp.gate_proj,1,9728,2560,"[1, 1, 2560]",1
decode,1,128,model.layers.31.mlp.down_proj,1,2560,9728,"[1, 1, 9728]",1
decode,1,128,model.layers.32.self_attn.q_proj,1,4096,2560,"[1, 1, 2560]",1
decode,1,128,model.layers.32.self_attn.o_proj,1,2560,4096,"[1, 1, 4096]",1
decode,1,128,model.layers.32.mlp.gate_proj,1,9728,2560,"[1, 1, 2560]",1
decode,1,128,model.layers.32.mlp.down_proj,1,2560,9728,"[1, 1, 9728]",1
decode,1,128,model.layers.33.self_attn.q_proj,1,4096,2560,"[1, 1, 2560]",1
decode,1,128,model.layers.33.self_attn.o_proj,1,2560,4096,"[1, 1, 4096]",1
decode,1,128,model.layers.33.mlp.gate_proj,1,9728,2560,"[1, 1, 2560]",1
decode,1,128,model.layers.33.mlp.down_proj,1,2560,9728,"[1, 1, 9728]",1
decode,1,128,model.layers.34.self_attn.q_proj,1,4096,2560,"[1, 1, 2560]",1
decode,1,128,model.layers.34.self_attn.o_proj,1,2560,4096,"[1, 1, 4096]",1
decode,1,128,model.layers.34.mlp.gate_proj,1,9728,2560,"[1, 1, 2560]",1
decode,1,128,model.layers.34.mlp.down_proj,1,2560,9728,"[1, 1, 9728]",1
decode,1,128,model.layers.35.self_attn.q_proj,1,4096,2560,"[1, 1, 2560]",1
decode,1,128,model.layers.35.self_attn.o_proj,1,2560,4096,"[1, 1, 4096]",1
decode,1,128,model.layers.35.mlp.gate_proj,1,9728,2560,"[1, 1, 2560]",1
decode,1,128,model.layers.35.mlp.down_proj,1,2560,9728,"[1, 1, 9728]",1
